dispnum,y_avgdur,year,outcome,settle,recip,a_country,a_rev_territory,a_rev_policy,a_rev_regime,a_rev_other,a_fatalities,a_hiact,a_hostlev,a_orig,a_coalition,b_country,b_rev_territory,b_rev_policy,b_rev_regime,b_rev_other,b_fatalities,b_hiact,b_hostlev,b_orig,b_coalition
3551,1540.0,1992,1,1,1,coalition,0,1,0,0,0,15,4,1,13.0,345,0,0,0,0,0,15,4,1,0.0
3552,515.0,1992,5,3,0,coalition,0,0,0,0,0,17,4,1,5.0,645,0,1,0,0,0,17,4,1,0.0
3554,23.0,1992,5,3,0,339,0,1,0,0,0,11,3,1,0.0,345,0,0,0,0,0,0,1,1,0.0
3555,173.0,1992,5,3,1,344,0,0,0,0,0,17,4,1,0.0,345,1,0,0,0,0,17,4,1,0.0
3556,7.0,1992,6,1,1,344,1,0,0,0,0,17,4,1,0.0,346,0,0,0,0,0,17,4,1,0.0
3557,295.0,1992,5,3,1,345,1,0,0,0,0,17,4,1,0.0,346,0,0,0,0,0,17,4,1,0.0
3558,113.0,1992,6,1,1,365,0,0,0,0,0,17,4,1,0.0,359,0,0,0,0,0,17,4,1,0.0
3559,1.0,1992,5,3,0,365,0,1,0,0,0,15,4,1,0.0,369,0,0,0,0,0,0,1,1,0.0
3560,7.0,1992,5,3,1,365,0,0,0,0,0,17,4,1,0.0,366,0,0,0,0,0,17,4,1,0.0
3561,501.0,1992,2,2,1,365,0,1,0,0,0,17,4,1,0.0,372,0,1,0,0,0,17,4,1,0.0
3563,6.0,1992,5,3,1,365,0,0,0,0,0,12,3,1,0.0,380,0,1,0,0,0,16,4,1,0.0
3564,1087.0,1992,5,3,1,coalition,0,1,0,0,0,17,4,1,1.0,coalition,0,1,0,0,0,17,4,1,2.0
3565,1.0,1992,5,3,0,433,0,1,0,0,0,16,4,1,0.0,404,0,0,0,0,0,0,1,1,0.0
3566,157.0,1992,5,3,1,630,0,1,0,0,0,16,4,1,0.0,645,0,0,0,0,0,7,3,1,0.0
3567,4.0,1992,5,3,0,630,1,0,0,0,0,7,3,1,0.0,696,0,0,0,0,0,0,1,1,0.0
3568,453.0,1992,5,3,1,645,1,0,0,0,0,17,4,1,0.0,coalition,0,0,0,0,0,17,4,1,3.0
3569,24.0,1992,6,1,0,670,1,0,0,0,0,14,4,1,0.0,694,1,0,0,0,0,0,1,1,0.0
3570,1.0,1992,5,3,1,731,1,0,0,0,0,17,4,1,0.0,732,1,0,0,0,0,17,4,1,0.0
3572,1.0,1992,5,3,0,750,0,1,0,0,0,16,4,1,0.0,910,0,0,0,0,0,0,1,1,0.0
3573,37.0,1992,7,1,0,820,1,0,0,0,0,15,4,1,0.0,830,1,0,0,0,0,0,1,1,0.0
3574,329.0,1992,6,1,1,775,0,1,0,0,0,16,4,1,0.0,800,0,0,0,0,0,16,4,1,0.0
3599,39.0,1919,6,1,1,345,1,0,0,0,0,14,4,1,0.0,305,0,0,0,0,0,17,4,1,0.0
3602,3.0,1977,5,3,0,490,0,1,0,0,0,16,4,1,0.0,551,0,0,0,0,0,0,1,1,0.0
3603,1.0,1977,5,3,0,816,0,0,0,0,0,16,4,1,0.0,800,0,0,0,0,0,0,1,1,0.0
3604,1.0,1978,5,3,1,651,0,0,0,0,0,17,4,1,0.0,352,0,0,0,0,0,17,4,1,0.0
3606,106.0,1978,5,3,0,365,0,1,0,0,0,7,3,1,0.0,385,0,0,0,0,0,0,1,1,0.0
3607,13.0,1979,7,3,0,600,0,1,0,0,0,15,4,1,0.0,230,0,0,0,0,0,0,1,1,0.0
3610,1.0,1980,5,3,1,850,1,0,0,0,0,7,3,1,0.0,816,1,0,0,0,0,7,3,1,0.0
3612,1.0,1982,5,3,0,840,0,0,0,0,0,16,4,1,0.0,740,0,0,0,0,0,0,1,1,0.0
3613,5.0,1982,5,3,0,coalition,0,0,0,0,0,7,3,1,1.0,680,0,0,0,1,0,0,1,1,0.0
3614,15.0,1983,5,3,1,816,0,0,0,0,0,16,4,1,0.0,710,0,1,0,0,0,16,4,1,0.0
3615,10.0,1983,7,3,1,365,0,1,0,0,0,12,3,1,0.0,380,0,0,0,0,0,15,4,1,0.0
3616,183.0,1983,5,3,0,820,1,0,0,0,0,7,3,1,0.0,coalition,0,0,0,0,0,0,1,1,1.0
3617,76.0,1984,5,3,1,630,0,1,0,0,0,16,4,1,0.0,coalition,0,0,0,0,0,1,2,1,5.0
3618,183.0,1985,5,3,1,775,0,0,0,0,0,17,4,1,0.0,800,0,0,0,0,0,17,4,1,0.0
3620,97.0,1985,5,3,1,620,1,0,0,0,0,7,3,1,0.0,coalition,0,0,0,0,0,8,3,1,1.0
3621,1.0,1985,5,3,0,820,0,0,0,0,0,16,4,1,0.0,840,0,0,0,0,0,0,1,1,0.0
3622,394.0,1985,5,3,1,710,0,1,0,0,0,17,4,1,0.0,816,0,0,0,0,0,17,4,1,0.0
3625,121.0,1985,3,3,1,630,0,1,0,0,0,7,3,1,0.0,coalition,0,0,0,0,0,8,3,1,3.0
3626,55.0,1986,5,3,1,750,1,0,0,0,0,16,4,1,0.0,771,1,0,0,0,0,12,3,1,0.0
3628,151.0,1986,5,1,1,710,0,1,0,0,0,20,5,1,0.0,816,0,0,0,0,0,20,5,1,0.0
3629,24.0,1986,5,3,1,432,1,0,0,0,0,17,4,1,0.0,439,1,0,0,0,0,17,4,1,0.0
3630,106.0,1982,2,2,1,160,1,0,0,0,0,20,5,1,0.0,200,0,0,0,0,0,20,5,1,0.0
3631,1265.0,1977,1,2,1,620,1,0,0,0,0,17,4,1,0.0,coalition,0,0,0,0,0,17,4,1,1.0
3632,1.0,1980,5,3,0,616,0,0,0,0,0,8,3,1,0.0,620,0,0,0,0,0,0,1,1,0.0
3633,338.0,1980,5,3,1,coalition,0,0,0,0,0,7,3,1,1.0,620,0,0,1,0,0,7,3,1,0.0
3634,664.0,1983,5,1,1,620,0,0,1,0,0,16,4,1,0.0,coalition,0,0,0,0,0,17,4,1,3.0
3635,579.0,1986,5,3,1,620,0,0,1,0,0,17,4,1,0.0,coalition,0,0,0,0,0,17,4,1,1.0
3636,93.0,1986,3,3,1,620,0,0,0,0,0,16,4,1,0.0,2,0,1,0,0,0,16,4,1,0.0
3637,1.0,1986,5,3,0,365,0,1,0,0,0,7,3,1,0.0,2,0,0,0,0,0,0,1,1,0.0
3638,1.0,1987,5,3,1,816,0,0,0,0,0,12,3,1,0.0,710,0,1,0,0,0,16,4,1,0.0
3639,181.0,1984,5,3,1,816,0,0,0,0,0,17,4,1,0.0,710,0,1,0,0,0,17,4,1,0.0
3642,335.0,1870,1,2,1,365,1,0,0,0,0,14,4,1,0.0,710,0,0,0,0,0,17,4,1,0.0
3645,377.0,1903,5,3,0,365,0,1,0,0,0,14,4,1,0.0,710,0,0,0,0,0,0,1,1,0.0
3646,335.5,1910,4,1,0,365,1,0,0,0,0,11,3,1,0.0,710,1,0,0,0,0,0,1,1,0.0
3655,32.0,1933,5,3,0,365,0,0,1,0,0,16,4,1,0.0,710,0,0,0,0,0,0,1,1,0.0
3656,123.5,1937,5,3,0,365,0,0,1,0,0,16,4,1,0.0,710,0,0,0,0,0,0,1,1,0.0
3659,1.0,1971,5,3,0,365,0,1,0,0,0,12,3,1,0.0,666,0,0,0,0,0,0,1,1,0.0
3699,1.0,1940,8,4,0,640,0,0,0,0,0,3,2,1,0.0,355,0,1,0,0,0,0,1,1,0.0
3700,30.0,1939,7,3,0,200,0,1,0,0,0,15,4,1,0.0,210,0,0,0,0,0,0,1,1,0.0
3701,188.0,1939,9,3,1,255,1,0,0,0,0,21,5,1,0.0,210,0,0,0,0,0,16,4,1,0.0
3703,194.0,1939,1,2,1,255,1,0,0,0,0,17,4,1,0.0,212,0,0,0,0,0,17,4,1,0.0
3704,39.0,1940,5,3,0,200,0,1,0,0,0,12,3,1,0.0,385,0,0,0,0,0,0,1,1,0.0
3705,158.0,1939,9,3,1,255,1,0,0,0,0,21,5,1,0.0,385,0,0,0,0,0,17,4,1,0.0
3706,44.0,1940,1,2,1,255,1,0,0,0,0,17,4,1,0.0,390,0,0,0,0,0,17,4,1,0.0
3707,71.0,1940,5,3,0,200,0,0,0,0,0,16,4,1,0.0,390,0,0,0,0,0,0,1,1,0.0
3708,1.0,1939,7,3,0,255,0,0,0,0,0,15,4,1,0.0,2,0,0,0,0,0,0,1,1,0.0
3709,326.0,1939,6,1,0,200,0,0,0,0,0,15,4,1,0.0,2,0,0,0,0,0,0,1,1,0.0
3713,1.0,1940,5,3,0,255,0,1,0,0,0,16,4,1,0.0,235,0,0,0,0,0,0,1,1,0.0
3714,1.0,1945,8,3,0,101,0,0,0,0,0,18,4,1,0.0,coalition,0,0,0,0,0,0,1,1,1.0
3715,182.0,1945,5,3,0,150,0,0,0,0,0,18,4,1,0.0,coalition,0,0,0,0,0,0,1,1,1.0
3716,2.0,1943,4,3,0,coalition,0,1,0,0,0,1,2,1,1.0,325,0,0,0,0,0,0,1,1,0.0
3717,40.0,1943,9,3,1,255,0,1,0,0,0,17,4,1,0.0,325,0,0,0,0,0,21,5,1,0.0
3718,7.0,1940,8,4,0,230,1,0,0,0,0,14,4,1,0.0,220,0,0,0,0,0,0,1,1,0.0
3719,60.0,1939,7,1,1,255,0,1,0,0,0,15,4,1,0.0,375,0,0,0,0,0,15,4,1,0.0
3720,1.0,1940,8,3,0,325,0,0,0,0,0,16,4,1,0.0,380,0,0,0,0,0,0,1,1,0.0
3721,1.0,1942,8,3,0,325,0,0,0,0,0,16,4,1,0.0,380,0,0,0,0,0,0,1,1,0.0
3722,1.0,1943,5,3,0,365,1,0,0,0,0,16,4,1,0.0,380,0,0,0,0,0,0,1,1,0.0
3723,119.0,1939,8,3,0,367,0,0,0,0,0,15,4,1,0.0,255,0,0,0,0,0,0,1,1,0.0
3724,205.0,1939,9,3,1,200,0,1,0,0,0,15,4,1,0.0,325,0,0,0,0,0,21,5,1,0.0
3725,75.0,1882,1,2,1,coalition,0,1,0,0,0,20,5,1,1.0,651,0,0,0,0,0,20,5,1,0.0
3800,20.0,1940,8,3,0,200,0,0,0,0,0,16,4,1,0.0,225,0,0,0,0,0,0,1,1,0.0
3801,201.0,1940,5,3,1,255,0,1,0,0,0,16,4,1,0.0,380,0,0,0,0,0,16,4,1,0.0
3802,169.0,1940,5,3,0,200,0,1,0,0,0,12,3,1,0.0,380,0,0,0,0,0,0,1,1,0.0
3804,405.0,1939,5,3,0,255,0,1,0,0,0,16,4,1,0.0,380,0,0,0,0,0,0,1,1,0.0
3805,1.0,1941,5,3,0,255,0,1,0,0,0,16,4,1,0.0,380,0,0,0,0,0,0,1,1,0.0
3806,812.0,1942,5,3,1,255,0,1,0,0,0,16,4,1,0.0,380,0,0,0,0,0,16,4,1,0.0
3807,1.0,1940,7,3,0,200,0,0,0,0,0,15,4,1,0.0,360,0,0,0,0,0,0,1,1,0.0
3809,1.0,1939,7,3,0,255,0,1,0,0,0,15,4,1,0.0,366,0,0,0,0,0,0,1,1,0.0
3810,1.0,1940,5,3,0,230,0,1,0,0,0,16,4,1,0.0,220,0,0,0,0,0,0,1,1,0.0
3812,3.0,1940,7,3,0,200,0,1,0,0,0,15,4,1,0.0,345,0,0,0,0,0,0,1,1,0.0
3813,399.0,1940,9,3,1,coalition,1,0,0,0,0,17,4,1,2.0,345,0,0,0,0,0,21,5,1,0.0
3814,68.0,1940,5,3,1,325,1,0,0,0,0,15,4,1,0.0,345,0,0,0,0,0,1,2,1,0.0
3820,57.0,1940,9,3,0,325,1,0,0,0,0,21,5,1,0.0,220,0,0,0,0,0,0,1,1,0.0
3821,232.0,1940,4,2,0,365,1,0,0,0,0,17,4,1,0.0,360,0,0,0,0,0,17,4,1,0.0
3822,301.0,1940,9,3,1,255,1,0,0,0,0,21,5,1,0.0,365,1,0,0,0,0,17,4,1,0.0
3823,15.5,1940,4,1,0,310,1,0,0,0,0,11,3,1,0.0,360,0,0,0,0,0,0,1,1,0.0
3824,1.0,1940,7,3,0,200,0,1,0,0,0,15,4,1,0.0,325,0,0,0,0,0,0,1,1,0.0
3825,299.0,1940,4,2,0,255,1,0,0,0,0,14,4,1,0.0,360,0,0,0,0,0,0,1,1,0.0
3826,17.0,1944,9,3,1,360,0,1,0,0,0,21,5,1,0.0,coalition,0,0,0,0,0,17,4,1,1.0
3827,12.0,1944,9,3,1,255,0,0,0,0,0,17,4,1,0.0,355,0,1,0,0,0,21,5,1,0.0
3833,1.0,1939,5,3,0,coalition,0,0,0,0,0,7,3,1,1.0,coalition,0,0,0,0,0,0,1,1,1.0
3834,61.0,1939,5,3,1,255,0,0,0,0,0,12,3,1,0.0,coalition,0,0,0,0,0,15,4,1,1.0
3835,1.0,1940,5,3,0,255,0,1,0,0,0,16,4,1,0.0,160,0,0,0,0,0,0,1,1,0.0
3836,99.0,1940,5,3,1,230,1,0,0,0,0,17,4,1,0.0,200,0,0,0,0,0,17,4,1,0.0
3837,1.0,1940,5,3,0,325,0,0,0,0,0,16,4,1,0.0,230,0,0,0,0,0,0,1,1,0.0
3850,399.0,1940,5,3,1,coalition,0,0,0,0,0,17,4,1,1.0,640,0,1,0,0,0,17,4,1,0.0
3851,29.0,1940,7,3,1,325,0,0,0,0,0,15,4,1,0.0,640,0,0,0,0,0,15,4,1,0.0
3852,1.0,1940,5,3,0,325,0,1,0,0,0,16,4,1,0.0,630,0,0,0,0,0,0,1,1,0.0
3853,128.0,1940,8,3,1,325,0,1,0,0,0,16,4,1,0.0,651,0,0,0,0,0,16,4,1,0.0
3854,1.0,1940,5,3,0,325,0,1,0,0,0,16,4,1,0.0,95,0,0,0,0,0,0,1,1,0.0
3855,167.0,1940,5,3,0,255,0,1,0,0,0,16,4,1,0.0,95,0,0,0,0,0,0,1,1,0.0
3856,1.0,1940,5,3,0,355,0,1,0,0,0,7,3,1,0.0,350,0,0,0,0,0,0,1,1,0.0
3858,1.0,1940,4,1,1,255,0,0,0,0,0,7,3,1,1.0,355,0,1,0,0,0,0,1,1,0.0
3860,80.0,1940,7,3,0,200,0,1,0,0,0,15,4,1,0.0,365,0,0,0,0,0,0,1,1,0.0
3861,37.0,1940,4,3,0,255,0,1,0,0,0,7,3,1,0.0,310,0,0,0,0,0,0,1,1,0.0
3862,1.0,1940,5,3,0,255,0,1,0,0,0,16,4,1,0.0,310,0,0,0,0,0,0,1,1,0.0
3863,71.0,1940,5,3,0,255,0,1,0,0,0,16,4,1,0.0,205,0,0,0,0,0,0,1,1,0.0
3864,14.0,1940,7,3,0,200,0,1,0,0,0,15,4,1,0.0,140,0,0,0,0,0,0,1,1,0.0
3867,1.0,1941,7,3,0,200,0,0,0,0,0,15,4,1,0.0,350,0,0,0,0,0,0,1,1,0.0
3868,16.0,1941,4,3,0,255,0,1,0,0,0,3,2,1,0.0,355,0,0,0,0,0,0,1,1,0.0
3869,19.0,1941,5,3,0,365,0,1,0,0,0,12,3,1,0.0,355,0,0,0,0,0,0,1,1,0.0
3870,1.0,1941,5,3,0,360,1,0,0,0,0,11,3,1,0.0,310,0,0,0,0,0,0,1,1,0.0
3871,1.0,1941,5,3,0,200,0,1,0,0,0,1,2,1,0.0,355,0,0,0,0,0,0,1,1,0.0
3872,1.0,1941,5,3,0,360,0,0,0,0,0,1,2,1,0.0,365,0,0,0,0,0,0,1,1,0.0
3873,1.0,1941,5,3,0,255,0,1,0,0,0,16,4,1,0.0,651,0,0,0,0,0,0,1,1,0.0
3875,1.0,1942,5,3,0,255,0,1,0,0,0,16,4,1,0.0,155,0,0,0,0,0,0,1,1,0.0
3876,144.0,1942,5,3,0,255,0,1,0,0,0,16,4,1,0.0,165,0,0,0,0,0,0,1,1,0.0
3878,1.0,1942,5,3,0,360,0,0,0,0,0,18,4,1,0.0,41,0,0,0,0,0,0,1,1,0.0
3881,303.0,1942,5,3,0,255,0,1,0,0,0,16,4,1,0.0,95,0,0,0,0,0,0,1,1,0.0
3882,2.0,1942,5,3,0,255,0,1,0,0,0,16,4,1,0.0,91,0,0,0,0,0,0,1,1,0.0
3883,1.0,1942,5,3,0,255,0,1,0,0,0,16,4,1,0.0,101,0,0,0,0,0,0,1,1,0.0
3884,1.0,1943,5,3,0,255,0,1,0,0,0,3,2,1,0.0,230,0,0,0,0,0,0,1,1,0.0
3885,1.0,1943,5,3,0,255,0,1,0,0,0,16,4,1,0.0,651,0,0,0,0,0,0,1,1,0.0
3887,1.0,1943,5,3,0,255,0,1,0,0,0,16,4,1,0.0,95,0,0,0,0,0,0,1,1,0.0
3900,1.0,1989,5,3,0,20,0,1,0,0,0,16,4,1,0.0,2,0,0,0,0,0,0,1,1,0.0
3901,345.0,1989,2,2,1,95,0,0,0,0,0,16,4,1,0.0,2,0,0,1,0,0,16,4,1,0.0
3904,7.0,1989,5,3,1,92,0,0,0,0,0,17,4,1,0.0,91,0,0,0,0,0,17,4,1,0.0
3905,175.0,1989,5,3,1,91,0,0,0,0,0,16,4,1,0.0,93,0,0,0,0,0,16,4,1,0.0
3906,5.0,1989,1,2,0,220,0,0,1,0,0,14,4,1,0.0,581,0,0,0,0,0,0,1,1,0.0
3907,75.0,1989,5,3,0,220,0,1,0,0,0,7,3,1,0.0,660,0,0,0,0,0,0,1,1,0.0
3908,1.0,1989,5,3,0,652,0,1,0,0,0,16,4,1,0.0,338,0,0,0,0,0,0,1,1,0.0
3909,1.0,1989,5,3,1,640,1,0,0,0,0,7,3,1,0.0,350,0,0,0,0,0,8,3,1,0.0
3910,18.0,1989,5,3,1,435,0,1,0,0,0,16,4,1,0.0,433,0,1,0,0,0,7,3,1,0.0
3911,1.0,1989,5,3,1,500,0,0,0,0,0,17,4,1,0.0,501,0,0,0,0,0,17,4,1,0.0
3912,81.0,1989,6,1,1,625,0,1,0,0,0,17,4,1,0.0,500,0,0,0,0,0,17,4,1,0.0
3913,1.0,1989,5,3,1,520,0,1,0,0,0,16,4,1,0.0,501,0,0,0,0,0,1,2,1,0.0
3914,25.0,1989,5,3,1,645,0,0,0,0,0,17,4,1,0.0,630,0,0,0,0,0,17,4,1,0.0
3915,1.0,1989,5,3,0,651,0,1,0,0,0,16,4,1,0.0,666,0,0,0,0,0,0,1,1,0.0
3916,56.0,1989,5,3,1,770,0,1,0,0,0,7,3,1,0.0,700,0,1,0,0,0,16,4,1,0.0
3917,1.0,1989,5,3,0,731,0,0,1,0,0,15,4,1,0.0,732,0,0,1,0,0,0,1,1,0.0
3918,1.0,1989,5,3,1,750,0,0,0,0,0,17,4,1,0.0,780,0,1,0,0,0,17,4,1,0.0
3919,1.0,1989,5,3,0,775,0,1,0,0,0,16,4,1,0.0,800,0,0,0,0,0,0,1,1,0.0
3920,181.0,1989,5,3,0,816,0,1,0,0,0,16,4,1,0.0,800,0,0,0,0,0,0,1,1,0.0
3921,1.0,1989,5,3,1,630,0,0,0,0,0,17,4,1,0.0,645,0,0,0,0,0,17,4,1,0.0
3922,1.0,1989,5,3,0,652,0,1,0,0,0,16,4,1,0.0,640,0,0,0,0,0,0,1,1,0.0
3950,106.0,1990,5,3,1,2,0,1,0,0,0,16,4,1,0.0,40,0,0,0,0,0,10,3,1,0.0
3951,1.0,1990,5,3,0,220,0,1,0,0,0,16,4,1,0.0,731,0,0,0,0,0,0,1,1,0.0
3952,40.0,1990,5,1,1,433,0,1,0,0,0,15,4,1,0.0,404,0,0,0,0,0,16,4,1,0.0
3953,153.0,1989,5,3,1,433,0,1,0,0,0,17,4,1,0.0,435,0,1,0,0,0,17,4,1,0.0
3954,1.0,1990,5,3,0,450,0,1,0,0,0,1,2,1,0.0,437,0,0,0,0,0,0,1,1,0.0
3955,1.0,1990,5,3,0,490,0,1,0,0,0,16,4,1,0.0,551,0,0,0,0,0,0,1,1,0.0
3956,333.0,1990,5,3,1,645,0,1,0,0,0,16,4,1,0.0,666,0,0,0,0,0,8,3,1,0.0
3957,280.0,1990,2,2,1,coalition,1,0,0,0,0,20,5,1,1.0,coalition,0,0,0,0,0,20,5,1,26.0
3958,304.0,1990,5,3,1,666,0,1,0,0,0,17,4,1,0.0,663,0,1,0,0,0,17,4,1,0.0
3959,315.0,1990,6,1,1,750,0,0,0,0,0,17,4,1,0.0,770,1,0,0,0,0,17,4,1,0.0
3960,14.0,1990,5,3,1,775,0,1,0,0,0,17,4,1,0.0,800,0,0,0,0,0,17,4,1,0.0
3961,127.0,1990,6,1,0,850,0,1,0,0,0,16,4,1,0.0,910,0,0,0,0,0,0,1,1,0.0
3970,17.5,1991,5,3,0,651,0,1,0,0,0,7,3,1,0.0,625,0,0,0,0,0,0,1,1,0.0
3971,1.0,1991,5,3,0,645,0,1,0,0,0,1,2,1,0.0,740,0,0,0,0,0,0,1,1,0.0
3972,1.0,1991,7,3,0,2,0,1,0,0,0,15,4,1,0.0,20,0,0,0,0,0,0,1,1,0.0
3973,1.0,1991,5,3,1,630,0,1,0,0,0,16,4,1,0.0,2,0,0,0,0,0,16,4,1,0.0
3974,292.0,1991,8,4,1,coalition,0,0,0,0,0,17,4,1,2.0,645,0,1,0,0,0,16,4,1,0.0
3975,10.0,1991,6,1,0,coalition,0,0,0,0,0,7,3,1,1.0,490,0,1,0,0,0,0,1,1,0.0
3976,37.0,1991,5,3,1,345,0,0,0,0,0,12,3,1,0.0,305,0,1,0,0,0,7,3,1,0.0
3977,29.0,1991,5,3,1,345,0,0,0,0,0,12,3,1,0.0,310,0,1,0,0,0,7,3,1,0.0
3978,16.5,1991,5,3,0,451,0,1,0,0,0,14,4,1,0.0,450,0,0,0,0,0,0,1,1,0.0
3979,336.0,1991,5,3,1,500,0,0,0,0,0,17,4,1,0.0,517,0,1,0,0,0,17,4,1,0.0
3980,84.0,1991,5,3,0,640,0,1,0,0,0,16,4,1,0.0,645,0,0,0,0,0,0,1,1,0.0
3981,1.0,1991,5,3,0,666,0,1,0,0,0,12,3,1,0.0,645,0,0,0,0,0,0,1,1,0.0
3982,23.0,1991,5,3,1,645,0,1,0,0,0,15,4,1,0.0,690,0,0,0,0,0,16,4,1,0.0
3983,23.0,1991,5,3,0,713,0,1,0,0,0,8,3,1,0.0,710,0,0,0,0,0,0,1,1,0.0
3984,55.0,1991,5,3,0,732,0,0,1,0,0,8,3,1,0.0,731,0,0,1,0,0,0,1,1,0.0
3985,125.0,1991,5,3,1,750,1,0,0,0,0,17,4,1,0.0,770,1,0,0,0,0,17,4,1,0.0
3986,1.0,1991,5,3,1,775,0,0,0,0,0,16,4,1,0.0,771,0,1,0,0,0,7,3,1,0.0
3987,8.0,1991,5,1,1,135,0,0,0,0,0,12,3,1,0.0,130,1,0,0,0,0,7,3,1,0.0
3988,1.0,1991,5,3,1,91,1,0,0,0,0,16,4,1,0.0,93,1,0,0,0,0,16,4,1,0.0
3994,271.5,1977,5,1,0,666,0,1,0,0,0,17,4,1,0.0,660,0,0,0,0,0,17,4,1,0.0
4001,997.0,1994,5,3,1,800,0,0,0,0,0,17,4,1,0.0,811,0,1,0,0,0,17,4,1,0.0
4002,22.0,1995,5,3,1,800,0,0,0,0,0,8,3,1,0.0,775,0,1,0,0,0,16,4,1,0.0
4003,6.0,1996,1,2,1,775,1,0,0,0,0,11,3,1,0.0,800,0,0,0,0,0,8,3,1,0.0
4004,7.0,1996,1,2,1,816,1,0,0,0,0,14,4,1,0.0,811,0,0,0,0,0,11,3,1,0.0
4005,1.0,1996,5,3,1,771,0,0,0,0,0,17,4,1,0.0,750,0,0,0,0,0,17,4,1,0.0
4006,3.0,1996,5,3,0,750,0,0,0,0,0,8,3,1,0.0,771,0,0,0,0,0,0,1,1,0.0
4007,2130.0,1993,5,3,1,770,1,0,0,0,0,20,5,1,0.0,750,0,0,0,0,0,17,4,1,0.0
4008,1.0,1995,5,3,1,816,0,0,0,0,0,17,4,1,0.0,800,0,0,0,0,0,17,4,1,0.0
4009,16.0,1995,6,1,0,101,0,0,0,1,0,15,4,1,0.0,100,0,0,0,0,0,0,1,1,0.0
4010,26.0,1993,1,2,0,91,0,1,0,0,0,11,3,1,0.0,92,0,0,0,0,0,0,1,1,0.0
4011,67.0,1995,5,4,1,93,0,1,0,0,0,17,4,1,0.0,91,0,1,0,0,0,17,4,1,0.0
4012,1.0,1995,5,3,0,91,1,1,0,0,0,1,2,1,0.0,93,0,0,0,0,0,0,1,1,0.0
4013,121.0,1995,5,3,1,130,1,0,0,0,0,17,4,1,0.0,135,1,0,0,0,0,17,4,1,0.0
4014,2.0,1993,5,3,1,80,1,0,0,0,0,12,3,1,0.0,90,1,0,0,0,0,11,3,1,0.0
4015,30.0,1995,5,3,1,80,1,0,0,0,0,12,3,1,0.0,90,1,0,0,0,0,11,3,1,0.0
4016,347.0,1993,1,2,1,coalition,0,0,1,0,0,13,4,1,6.0,41,0,0,0,0,0,7,3,1,0.0
4018,90.5,1993,5,3,1,731,0,1,0,0,0,17,4,1,0.0,710,0,0,0,0,0,17,4,1,0.0
4019,15.5,1995,5,3,0,731,0,0,0,0,0,16,4,1,0.0,710,0,0,0,0,0,0,1,1,0.0
4020,250.0,1995,5,3,0,713,0,1,0,0,0,16,4,1,0.0,710,0,0,0,0,0,0,1,1,0.0
4021,22.0,1993,5,3,1,coalition,0,0,0,0,0,8,3,1,1.0,731,0,1,0,0,0,8,3,1,0.0
4022,2129.0,1993,5,3,1,731,1,1,0,0,0,17,4,1,0.0,coalition,0,0,0,0,0,17,4,1,4.0
4023,16.0,1993,5,3,0,710,0,1,0,0,0,8,3,1,0.0,713,0,0,0,0,0,0,1,1,0.0
4024,13.0,1994,5,3,0,713,0,0,0,0,0,7,3,1,0.0,840,1,0,0,0,0,0,1,1,0.0
4026,3.0,1996,5,3,0,740,0,0,0,0,0,7,3,1,0.0,713,1,0,0,0,0,0,1,1,0.0
4027,118.0,1995,5,3,1,710,1,0,0,0,0,15,4,1,0.0,840,1,0,0,0,0,15,4,1,0.0
4028,282.0,1996,5,3,1,840,1,0,0,0,0,15,4,1,0.0,710,1,0,0,0,0,7,3,1,0.0
4029,16.0,1993,5,3,0,710,1,0,0,0,0,7,3,1,0.0,816,0,0,0,0,0,0,1,1,0.0
4030,93.0,1994,5,3,1,710,1,0,0,0,0,13,4,1,0.0,816,1,0,0,0,0,15,4,1,0.0
4031,41.0,1995,1,1,1,20,0,0,0,0,0,16,4,1,0.0,230,0,1,0,0,0,7,3,1,0.0
4032,1.0,1993,4,4,1,490,0,0,0,0,0,1,2,1,0.0,211,0,0,0,0,0,0,1,1,0.0
4035,152.5,1994,5,3,0,710,1,1,0,0,0,12,3,1,0.0,713,0,0,0,0,0,0,1,1,0.0
4038,80.0,1993,5,3,1,640,1,0,0,0,0,16,4,1,0.0,352,0,0,0,0,0,16,4,1,0.0
4039,1.0,1993,5,3,0,352,0,0,0,0,0,16,4,1,0.0,640,1,0,0,0,0,0,1,1,0.0
4040,366.0,1994,5,3,1,640,0,1,0,0,0,12,3,1,0.0,350,0,0,0,0,0,16,4,1,0.0
4041,152.0,1994,5,3,1,350,0,1,0,0,0,17,4,1,0.0,339,0,0,0,0,0,17,4,1,0.0
4042,659.5,1993,5,3,1,365,0,0,0,0,0,16,4,1,0.0,740,1,0,0,0,0,7,3,1,0.0
4043,410.0,1993,5,3,1,339,0,1,0,0,0,16,4,1,0.0,345,0,0,0,0,0,16,4,1,0.0
4045,6.0,1995,5,3,0,345,0,0,0,0,0,7,3,1,0.0,339,0,0,0,0,0,0,1,1,0.0
4046,52.0,1994,5,3,0,345,1,0,0,0,0,12,3,1,0.0,coalition,0,0,0,0,0,11,3,1,1.0
4048,3.5,1993,8,3,0,220,0,0,0,0,0,7,3,1,0.0,344,0,0,0,0,0,0,1,1,0.0
4050,4.0,1994,5,3,1,365,0,1,0,0,0,7,3,1,0.0,369,0,1,0,0,0,15,4,1,0.0
4051,1.0,1993,5,3,0,365,0,0,0,0,0,7,3,1,0.0,359,0,1,0,0,0,0,1,1,0.0
4052,4.0,1993,7,3,1,710,0,0,0,0,0,15,4,1,0.0,365,0,0,0,0,0,0,1,1,0.0
4054,356.0,1993,5,3,1,coalition,0,0,0,0,0,17,4,1,5.0,700,0,0,1,0,0,17,4,1,0.0
4055,137.0,1994,5,3,0,365,0,0,0,0,0,16,4,1,0.0,700,0,0,1,0,0,0,1,1,0.0
4058,1.0,1993,5,3,1,339,0,1,0,0,0,17,4,1,0.0,343,0,0,0,0,0,17,4,1,0.0
4060,1.0,1995,5,3,0,713,0,0,0,0,0,7,3,1,0.0,816,1,0,0,0,0,0,1,1,0.0
4061,1.0,1995,5,3,1,710,1,0,0,0,0,7,3,1,0.0,740,0,0,0,0,0,7,3,1,0.0
4062,16.0,1996,5,3,0,710,1,0,0,0,0,7,3,1,0.0,740,0,0,0,0,0,0,1,1,0.0
4063,15.0,1996,5,3,1,850,0,0,0,0,0,7,3,1,0.0,710,1,0,0,0,0,7,3,1,0.0
4064,257.0,1995,5,3,1,710,1,1,0,0,0,11,3,1,0.0,coalition,0,0,0,0,0,11,3,1,1.0
4065,55.0,1994,5,3,0,710,0,1,0,0,0,7,3,1,0.0,coalition,0,0,0,0,0,0,1,1,1.0
4066,4.0,1993,5,3,0,452,0,1,0,0,0,8,3,1,0.0,461,0,0,0,0,0,0,1,1,0.0
4067,1.0,1993,8,3,1,483,0,0,0,0,0,17,4,1,0.0,436,0,0,0,0,0,17,4,1,0.0
4068,3.5,1995,5,3,0,475,1,0,0,0,0,14,4,1,0.0,483,0,0,0,0,0,0,1,1,0.0
4069,8.0,1993,7,1,0,490,0,0,0,0,0,15,4,1,0.0,484,0,0,0,0,0,0,1,1,0.0
4071,24.5,1994,8,3,0,490,0,0,0,0,0,11,3,1,0.0,540,0,0,0,0,0,0,1,1,0.0
4072,135.0,1993,5,3,1,630,0,1,0,0,0,16,4,1,0.0,645,0,0,0,0,0,12,3,1,0.0
4073,1.0,1993,5,3,0,651,0,0,0,0,0,1,2,1,0.0,630,0,0,0,0,0,0,1,1,0.0
4075,42.5,1993,5,3,1,910,0,0,0,0,0,17,4,1,0.0,940,1,1,0,0,0,17,4,1,0.0
4076,182.0,1996,5,3,1,910,0,0,0,0,0,16,4,1,0.0,940,1,1,0,0,0,16,4,1,0.0
4078,984.0,1994,5,3,1,500,0,1,0,0,0,17,4,1,0.0,625,0,1,0,0,0,17,4,1,0.0
4079,749.0,1994,5,3,1,530,1,1,0,0,0,17,4,1,0.0,625,1,1,0,0,0,17,4,1,0.0
4081,31.5,1994,5,3,0,625,0,1,0,0,0,11,3,1,0.0,531,0,0,0,0,0,0,1,1,0.0
4082,122.5,1995,5,3,0,531,1,0,0,0,0,16,4,1,0.0,522,0,0,0,0,0,0,1,1,0.0
4083,16.0,1995,5,3,1,501,0,1,0,0,0,12,3,1,0.0,500,0,0,0,0,0,11,3,1,0.0
4084,15.5,1995,8,3,0,501,0,0,1,0,0,11,3,1,0.0,500,0,0,0,0,0,0,1,1,0.0
4085,1.0,1993,8,3,0,475,0,1,0,0,0,17,4,1,0.0,437,0,0,0,0,0,17,4,1,0.0
4086,1.0,1996,7,2,0,705,0,1,0,0,0,15,4,1,0.0,355,0,0,0,0,0,0,1,1,0.0
4088,427.0,1999,5,3,1,710,1,1,0,0,0,12,3,1,0.0,coalition,0,0,0,0,0,8,3,1,1.0
4089,1.0,1997,8,3,1,731,0,0,0,0,0,17,4,1,0.0,710,0,0,0,0,0,17,4,1,0.0
4090,1.0,1997,6,1,0,350,0,0,0,0,0,16,4,1,0.0,339,0,0,0,0,0,0,1,1,0.0
4092,195.0,1995,5,3,1,640,1,1,0,0,0,17,4,1,0.0,350,1,1,0,0,0,17,4,1,0.0
4094,405.0,1994,5,3,0,640,1,0,0,0,0,12,3,1,0.0,352,0,0,0,0,0,0,1,1,0.0
4095,1874.0,1996,5,3,1,640,0,0,0,0,0,16,4,1,0.0,coalition,1,0,0,0,0,16,4,1,1.0
4096,121.0,1997,6,1,0,365,0,1,0,0,0,14,4,1,0.0,372,0,0,0,0,0,0,1,1,0.0
4097,1.0,1997,5,3,1,339,0,0,0,0,0,17,4,1,0.0,343,0,0,0,0,0,17,4,1,0.0
4098,1.0,1996,5,3,0,365,0,0,0,0,0,7,3,1,0.0,369,0,0,0,0,0,0,1,1,0.0
4100,164.0,1995,1,1,0,345,0,1,0,0,0,7,3,1,0.0,344,0,0,0,0,0,0,1,1,0.0
4101,185.0,1995,5,3,0,310,0,0,0,0,0,11,3,1,0.0,344,0,0,0,0,0,0,1,1,0.0
4102,185.0,1995,5,3,0,310,0,0,0,0,0,11,3,1,0.0,345,0,0,0,0,0,0,1,1,0.0
4103,4.0,1994,4,4,0,365,0,0,0,0,0,8,3,1,0.0,367,0,1,0,0,0,0,1,1,0.0
4104,15.5,1994,5,3,0,710,1,0,0,0,0,16,4,1,0.0,365,0,0,0,0,0,0,1,1,0.0
4105,1.0,1995,5,3,0,365,0,0,0,0,0,7,3,1,0.0,368,0,0,0,0,0,0,1,1,0.0
4106,1.0,1993,5,3,0,365,0,1,0,0,0,7,3,1,0.0,290,0,0,0,0,0,0,1,1,0.0
4107,24.0,1997,7,1,0,365,0,0,0,0,0,15,4,1,0.0,290,0,0,0,0,0,0,1,1,0.0
4108,1.0,1997,5,3,0,369,0,1,0,0,0,8,3,1,0.0,360,0,0,0,0,0,0,1,1,0.0
4109,9.0,1996,6,1,0,373,0,1,0,0,0,12,3,1,0.0,372,0,0,0,0,0,0,1,1,0.0
4111,185.0,1998,5,3,0,365,0,1,0,0,0,11,3,1,0.0,367,0,0,0,0,0,0,1,1,0.0
4113,1.0,1994,5,3,0,630,0,1,0,0,0,16,4,1,0.0,645,0,0,0,0,0,0,1,1,0.0
4114,97.0,1994,5,3,1,670,1,0,0,0,0,17,4,1,0.0,679,0,0,0,0,0,17,4,1,0.0
4116,13.5,1994,8,3,0,461,0,0,0,0,0,11,3,1,0.0,452,0,0,0,0,0,0,1,1,0.0
4117,181.0,1997,5,3,1,571,1,0,0,0,0,12,3,1,0.0,565,0,0,0,0,0,12,3,1,0.0
4118,142.0,1995,5,3,0,510,0,0,0,0,0,8,3,1,0.0,516,0,0,0,0,0,0,1,1,0.0
4119,329.0,1994,5,3,1,471,1,0,0,0,0,17,4,1,0.0,475,1,0,0,0,0,17,4,1,0.0
4121,277.0,1995,5,3,1,531,1,0,0,0,0,17,4,1,0.0,679,0,0,0,0,0,17,4,1,0.0
4122,238.0,1996,5,3,1,490,0,0,0,0,0,17,4,1,0.0,517,1,0,1,0,0,17,4,1,0.0
4123,50.5,1997,8,3,1,516,0,0,0,0,0,17,4,1,0.0,510,0,0,0,0,0,17,4,1,0.0
4124,910.0,1996,6,1,1,531,0,1,1,0,0,17,4,1,0.0,625,0,1,1,0,0,17,4,1,0.0
4125,33.0,1999,5,3,1,coalition,0,1,0,0,0,7,3,1,0.0,731,0,0,0,0,0,0,1,1,1.0
4126,3.0,1996,5,3,1,732,1,0,0,0,0,7,3,1,0.0,740,1,0,0,0,0,7,3,1,0.0
4127,5.0,1999,7,3,0,740,0,0,0,0,0,15,4,1,0.0,732,0,1,0,0,0,0,1,1,0.0
4128,549.0,1998,6,1,1,840,1,0,0,0,0,15,4,1,0.0,710,1,0,0,0,0,7,3,1,0.0
4130,16.0,1997,5,3,1,530,0,1,0,0,0,17,4,1,0.0,625,0,1,0,0,0,17,4,1,0.0
4132,62.0,1997,5,3,0,531,1,1,0,0,0,15,4,1,0.0,679,0,0,0,0,0,0,1,1,0.0
4133,56.0,1999,5,3,1,640,1,0,0,0,0,12,3,1,0.0,350,1,0,0,0,0,7,3,1,0.0
4134,21.0,1995,5,3,1,651,0,1,1,0,0,17,4,1,0.0,625,1,0,1,0,0,17,4,1,0.0
4135,261.0,1997,5,3,1,800,0,0,0,0,0,17,4,1,0.0,811,0,0,0,0,0,17,4,1,0.0
4136,195.0,1997,5,3,0,345,0,0,0,1,0,11,3,1,0.0,339,0,0,0,0,0,0,1,1,0.0
4137,481.5,1998,1,2,1,coalition,0,1,0,0,0,17,4,1,22.0,345,0,0,0,0,0,17,4,1,0.0
4138,1.0,1999,5,3,1,775,0,0,0,0,0,17,4,1,0.0,800,0,0,0,0,0,17,4,1,0.0
4140,229.0,1999,5,3,1,93,0,1,0,0,0,11,3,1,0.0,91,0,1,0,0,0,14,4,1,0.0
4141,7.0,2000,6,1,1,91,0,1,0,0,0,17,4,1,0.0,93,0,1,0,0,0,17,4,1,0.0
4143,301.0,1995,5,3,1,135,1,0,0,0,0,17,4,1,0.0,130,1,0,0,0,0,17,4,1,0.0
4144,160.0,1997,5,3,1,130,1,0,0,0,0,16,4,1,0.0,135,1,0,0,0,0,15,4,1,0.0
4145,15.5,1994,8,3,0,93,1,1,0,0,0,15,4,1,0.0,100,0,0,0,0,0,0,1,1,0.0
4146,4.0,1995,7,4,1,94,0,0,0,0,0,15,4,1,0.0,93,0,0,0,0,0,15,4,1,0.0
4147,32.0,1998,5,3,1,93,0,0,0,0,0,7,3,1,0.0,94,0,1,0,0,0,11,3,1,0.0
4148,13.5,1996,7,4,0,200,0,1,0,0,0,15,4,1,0.0,155,0,0,0,0,0,0,1,1,0.0
4149,1.0,1996,5,3,0,101,0,1,0,0,0,16,4,1,0.0,52,0,0,0,0,0,0,1,1,0.0
4150,13.5,1997,5,3,1,80,1,0,0,0,0,12,3,1,0.0,90,1,0,0,0,0,11,3,1,0.0
4151,52.5,2000,5,3,1,90,1,0,0,0,0,15,4,1,0.0,80,1,0,0,0,0,7,3,1,0.0
4152,137.0,2000,5,3,0,80,1,0,0,0,0,12,3,1,0.0,90,1,0,0,0,0,0,1,1,0.0
4154,43.5,1997,5,3,0,101,0,1,0,0,0,16,4,1,0.0,52,0,1,0,0,0,0,1,1,0.0
4155,12.5,1999,5,3,0,101,0,1,0,0,0,15,4,1,0.0,52,0,0,0,0,0,0,1,1,0.0
4156,60.5,2000,5,3,1,115,0,1,0,0,0,12,3,1,0.0,110,0,0,0,0,0,12,3,1,0.0
4158,113.0,1995,5,3,0,640,0,1,0,0,0,14,4,1,0.0,645,0,0,0,0,0,0,1,1,0.0
4159,1.0,1995,5,3,0,630,0,0,0,0,0,11,3,1,0.0,700,0,0,0,0,0,0,1,1,0.0
4160,100.5,1998,5,4,1,700,0,0,0,0,0,17,4,1,0.0,630,0,0,0,0,0,17,4,1,0.0
4161,1.0,1999,5,3,0,630,0,0,1,0,0,16,4,1,0.0,700,0,0,0,0,0,0,1,1,0.0
4162,8.0,1994,4,2,1,560,0,0,1,0,0,7,3,1,0.0,570,0,0,0,0,0,11,3,1,0.0
4164,107.0,1994,5,3,0,620,1,0,0,0,0,7,3,1,0.0,483,0,0,0,0,0,0,1,1,0.0
4165,2.0,1995,5,3,1,471,1,0,0,0,0,17,4,1,0.0,475,1,0,0,0,0,17,4,1,0.0
4166,457.0,1996,5,3,1,471,1,0,0,0,0,17,4,1,0.0,475,1,0,0,0,0,17,4,1,0.0
4168,1.0,1995,5,3,1,540,0,0,0,0,0,17,4,1,0.0,484,0,0,0,0,0,17,4,1,0.0
4169,1.0,1994,5,3,0,572,0,0,0,0,0,12,3,1,0.0,541,0,0,0,0,0,0,1,1,0.0
4170,24.0,1996,5,3,1,490,0,1,0,0,0,11,3,1,0.0,500,0,1,0,0,0,16,4,1,0.0
4171,220.0,1997,5,3,1,93,0,1,0,0,0,16,4,1,0.0,91,0,1,0,0,0,15,4,1,0.0
4172,1.0,1997,6,1,0,101,0,1,0,0,0,16,4,1,0.0,100,0,0,0,0,0,0,1,1,0.0
4173,1.0,1996,5,3,0,640,0,0,0,0,0,16,4,1,0.0,365,0,0,0,0,0,0,1,1,0.0
4174,185.0,1997,5,3,0,2,1,1,0,0,0,15,4,1,0.0,365,0,0,0,0,0,0,1,1,0.0
4175,596.0,1998,5,3,1,371,1,0,0,0,0,17,4,1,0.0,373,0,0,0,0,0,17,4,1,0.0
4176,4.0,1997,5,3,1,coalition,0,0,0,0,0,11,3,1,3.0,700,0,1,0,0,0,0,1,1,0.0
4177,2.0,1999,5,3,0,704,0,0,0,1,0,14,4,1,0.0,703,0,0,0,0,0,0,1,1,0.0
4179,50.0,1999,5,3,0,704,0,0,0,1,0,16,4,1,0.0,702,0,0,0,0,0,0,1,1,0.0
4180,63.0,1999,5,3,0,710,1,0,0,0,0,7,3,1,0.0,740,0,0,0,0,0,0,1,1,0.0
4182,4904.0,1993,6,1,1,666,0,1,0,0,0,17,4,1,0.0,coalition,0,1,0,0,0,17,4,1,1.0
4183,4.0,1997,7,2,0,20,0,1,0,0,0,15,4,1,0.0,2,0,0,0,0,0,0,1,1,0.0
4186,43.0,2000,3,4,1,coalition,0,0,0,0,0,7,3,1,37.0,345,0,1,0,0,0,7,3,1,0.0
4187,184.5,1998,5,3,1,522,0,0,0,0,0,11,3,1,0.0,531,0,1,0,0,0,11,3,1,0.0
4188,1.0,1999,6,1,1,530,0,1,0,0,0,17,4,1,0.0,501,0,0,0,0,0,17,4,1,0.0
4189,29.0,1998,6,1,1,130,1,0,0,0,0,14,4,1,0.0,135,1,0,0,0,0,11,3,1,0.0
4190,15.5,1996,5,3,1,652,0,0,0,0,0,11,3,1,0.0,coalition,0,1,0,0,0,11,3,1,1.0
4191,1.0,1996,5,3,0,640,0,1,0,0,0,16,4,1,0.0,630,0,0,0,0,0,0,1,1,0.0
4192,174.0,1996,5,3,1,630,0,1,0,0,0,16,4,1,0.0,645,0,0,0,0,0,11,3,1,0.0
4193,293.0,1997,5,3,1,350,1,1,0,0,0,17,4,1,0.0,640,1,1,0,0,0,17,4,1,0.0
4196,1.0,1996,5,3,0,40,0,1,0,0,0,16,4,1,0.0,2,0,0,0,0,0,0,1,1,0.0
4197,21.0,2000,5,4,0,365,0,0,0,1,0,7,3,1,0.0,coalition,0,0,0,0,0,8,3,1,1.0
4200,1.0,1999,8,4,0,531,0,1,0,0,0,15,4,1,0.0,679,0,0,0,0,0,0,1,1,0.0
4201,553.0,1999,5,3,1,coalition,0,0,0,0,0,17,4,1,1.0,700,0,1,0,0,0,17,4,1,0.0
4203,399.5,1997,8,3,1,670,1,0,0,0,0,17,4,1,0.0,679,0,0,0,0,0,17,4,1,0.0
4205,199.5,1997,5,3,1,630,0,1,0,0,0,16,4,1,0.0,645,0,0,0,0,0,15,4,1,0.0
4206,896.0,1996,5,3,0,640,0,1,0,0,0,16,4,1,0.0,645,0,0,0,0,0,0,1,1,0.0
4208,18.0,1999,5,3,0,640,0,1,0,0,0,14,4,1,0.0,645,0,0,0,0,0,0,1,1,0.0
4210,265.0,2000,5,3,1,350,0,0,0,0,0,12,3,1,0.0,640,0,0,0,0,0,12,3,1,0.0
4212,484.0,1999,5,3,1,365,0,1,0,0,0,12,3,1,0.0,372,0,0,0,0,0,12,3,1,0.0
4213,85.0,2000,7,2,0,2,0,1,0,0,0,15,4,1,0.0,365,0,0,0,0,0,0,1,1,0.0
4214,41.0,2000,7,1,0,411,0,1,0,0,0,15,4,1,0.0,368,0,0,0,0,0,0,1,1,0.0
4215,4.0,1999,5,3,0,690,0,0,0,0,0,8,3,1,0.0,645,0,0,0,0,0,0,1,1,0.0
4216,1.0,1997,4,3,0,2,0,0,0,0,0,7,3,1,0.0,630,0,1,0,0,0,0,1,1,0.0
4217,1.0,1998,5,3,0,2,0,1,0,0,0,16,4,1,0.0,625,0,0,0,0,0,0,1,1,0.0
4218,1.0,2000,5,3,0,731,0,1,0,0,0,1,2,1,0.0,coalition,0,0,0,0,0,0,1,1,1.0
4219,3.0,1994,7,3,0,101,0,0,0,0,0,15,4,1,0.0,100,0,0,0,0,0,0,1,1,0.0
4220,24.0,2000,5,3,1,365,0,0,0,0,0,7,3,1,0.0,2,0,0,0,0,0,7,3,1,0.0
4221,88.0,2000,5,3,1,640,1,1,0,0,0,17,4,1,0.0,coalition,0,0,0,0,0,17,4,1,1.0
4222,1.0,2000,5,3,0,365,0,0,0,0,0,16,4,1,0.0,740,1,0,0,0,0,0,1,1,0.0
4223,469.0,1999,5,3,1,750,0,0,0,0,0,17,4,1,0.0,770,0,0,0,0,0,17,4,1,0.0
4224,1.0,1993,5,3,0,640,0,1,0,0,0,1,2,1,0.0,345,0,0,0,0,0,0,1,1,0.0
4225,4.0,1999,5,3,1,731,0,1,0,0,0,12,3,1,0.0,740,0,0,0,0,0,7,3,1,0.0
4226,15.5,1997,5,3,0,731,0,1,0,0,0,7,3,1,0.0,740,0,0,0,0,0,0,1,1,0.0
4227,1.0,1998,5,3,0,2,0,1,0,0,0,16,4,1,0.0,700,0,0,0,0,0,0,1,1,0.0
4228,11.0,1998,5,3,0,coalition,0,0,0,0,0,11,3,1,2.0,700,0,0,1,0,0,0,1,1,0.0
4229,185.0,2000,5,3,0,339,0,0,0,0,0,11,3,1,0.0,345,0,0,0,0,0,0,1,1,0.0
4230,3.0,1997,5,3,0,344,0,0,0,0,0,8,3,1,0.0,345,0,0,0,0,0,0,1,1,0.0
4231,70.0,1996,7,2,0,344,0,0,0,0,0,15,4,1,0.0,346,0,0,0,0,0,0,1,1,0.0
4232,25.0,2000,5,3,0,371,1,0,0,0,0,16,4,1,0.0,373,0,0,0,0,0,0,1,1,0.0
4235,1.0,2001,5,3,0,371,1,0,0,0,0,16,4,1,0.0,373,0,0,0,0,0,0,1,1,0.0
4236,1.0,2001,5,3,0,373,1,0,0,0,0,4,2,1,0.0,371,0,0,0,0,0,0,1,1,0.0
4237,1.0,1994,8,3,0,570,0,0,0,0,0,11,3,1,0.0,560,0,0,0,0,0,0,1,1,0.0
4238,6.0,2001,5,3,0,385,0,1,0,0,0,7,3,1,0.0,365,0,0,0,0,0,0,1,1,0.0
4239,57.0,2001,5,3,1,365,0,0,0,0,0,12,3,1,0.0,740,0,0,0,0,0,7,3,1,0.0
4240,17.5,2001,5,3,0,370,0,1,0,0,0,7,3,1,0.0,368,0,0,0,0,0,0,1,1,0.0
4242,1490.0,2001,5,3,1,365,0,1,0,0,0,16,4,1,0.0,372,0,0,0,0,0,11,3,1,0.0
4243,1.0,2000,5,3,0,986,0,0,0,0,0,16,4,1,0.0,840,0,1,0,0,0,0,1,1,0.0
4244,12.5,1997,5,3,0,540,0,0,1,0,0,11,3,1,0.0,490,0,0,0,0,0,0,1,1,0.0
4245,1.0,1997,5,3,1,490,0,0,0,0,0,16,4,1,0.0,484,0,0,0,0,0,16,4,1,0.0
4246,5.0,1997,1,3,1,540,0,0,1,0,0,17,4,1,0.0,484,0,0,0,0,0,17,4,1,0.0
4248,200.5,1998,5,3,1,625,0,0,0,0,0,16,4,1,0.0,500,0,0,0,0,0,11,3,1,0.0
4249,7.0,1997,5,3,0,501,0,0,0,0,0,11,3,1,0.0,500,0,0,0,0,0,0,1,1,0.0
4250,199.0,1998,5,3,1,471,1,0,0,0,0,17,4,1,0.0,475,1,0,0,0,0,17,4,1,0.0
4251,288.0,1997,1,2,1,coalition,0,0,1,0,0,17,4,1,2.0,451,0,0,0,0,0,17,4,1,0.0
4252,5.0,1999,5,1,1,500,1,1,0,0,0,17,4,1,0.0,517,1,1,0,0,0,17,4,1,0.0
4253,38.0,2000,5,1,1,500,1,1,0,0,0,17,4,1,0.0,517,1,1,0,0,0,17,4,1,0.0
4254,62.0,1998,8,4,0,2,0,0,0,0,0,7,3,1,0.0,450,0,0,0,0,0,0,1,1,0.0
4255,14.5,1998,8,3,0,475,0,0,0,0,0,12,3,1,0.0,450,0,0,0,0,0,0,1,1,0.0
4256,191.0,1999,8,3,0,coalition,0,1,0,0,0,1,2,1,1.0,450,0,0,0,0,0,11,3,1,0.0
4257,314.0,2000,6,1,1,450,0,1,0,0,0,11,3,1,0.0,438,0,1,0,0,0,16,4,1,0.0
4258,956.0,1998,6,1,1,531,1,0,0,0,0,20,5,1,0.0,530,0,0,0,0,0,20,5,1,0.0
4259,30.5,2001,6,1,0,91,0,1,0,0,0,11,3,1,0.0,93,0,1,0,0,0,0,1,1,0.0
4260,7.0,1999,5,3,1,101,1,0,0,0,0,12,3,1,0.0,110,0,0,0,0,0,8,3,1,0.0
4261,1.0,2000,5,3,0,2,0,0,0,1,0,12,3,1,0.0,101,0,0,0,0,0,0,1,1,0.0
4262,42.0,2000,5,3,0,101,0,1,0,0,0,16,4,1,0.0,100,0,0,0,0,0,0,1,1,0.0
4263,23.5,2001,7,1,0,100,0,0,0,0,0,15,4,1,0.0,93,1,1,0,0,0,0,1,1,0.0
4264,15.0,1999,5,3,0,900,0,0,0,0,0,8,3,1,0.0,850,0,1,0,0,0,0,1,1,0.0
4266,1.0,2001,5,3,1,740,0,0,0,0,0,17,4,1,0.0,731,1,0,0,0,0,17,4,1,0.0
4269,434.0,1994,5,3,1,coalition,0,0,0,0,0,11,3,1,6.0,645,1,1,0,0,0,11,3,1,0.0
4271,67.0,1996,4,3,1,coalition,0,0,0,0,0,16,4,1,2.0,645,0,1,0,0,0,16,4,1,0.0
4272,345.0,1996,5,3,1,690,0,0,0,0,0,17,4,1,0.0,645,1,0,0,0,0,17,4,1,0.0
4273,2034.0,1997,1,2,1,coalition,0,1,1,0,0,20,5,1,18.0,645,0,1,0,0,0,20,5,1,0.0
4274,1.0,1999,5,3,0,645,1,0,0,0,0,7,3,1,0.0,690,0,0,0,0,0,0,1,1,0.0
4275,1.0,2000,5,3,0,690,0,0,0,0,0,10,3,1,0.0,645,1,0,0,0,0,0,1,1,0.0
4277,700.0,2001,3,1,1,770,1,0,0,0,0,17,4,1,0.0,750,0,1,0,0,0,17,4,1,0.0
4278,1.0,2001,5,3,0,710,0,1,0,0,0,7,3,1,0.0,900,0,0,0,0,0,0,1,1,0.0
4279,16.0,2001,5,3,0,710,1,0,0,0,0,7,3,1,0.0,840,1,0,0,0,0,0,1,1,0.0
4280,103.0,2001,7,1,1,710,0,1,0,0,0,15,4,1,0.0,2,0,0,0,0,0,12,3,1,0.0
4281,143.0,2001,5,3,1,710,0,1,0,0,0,7,3,1,0.0,coalition,0,0,0,0,0,7,3,1,1.0
4282,1258.0,2001,5,3,1,731,1,1,0,0,0,17,4,1,0.0,732,0,1,0,0,0,17,4,1,0.0
4283,62.0,2001,1,3,1,coalition,0,1,1,0,0,21,5,1,14.0,700,0,0,0,0,0,17,4,1,0.0
4284,1.0,2001,8,4,0,482,0,1,0,0,0,7,3,1,0.0,483,0,0,0,0,0,0,1,1,0.0
4285,1.0,1994,5,3,0,371,0,0,0,0,0,16,4,1,0.0,630,0,0,0,0,0,0,1,1,0.0
4286,11.5,1993,5,3,0,625,1,0,0,0,0,15,4,1,0.0,651,0,0,0,0,0,0,1,1,0.0
4287,6.5,1994,5,3,0,625,1,0,0,0,0,15,4,1,0.0,651,0,0,0,0,0,0,1,1,0.0
4288,16.0,1996,5,3,0,651,1,0,0,0,0,16,4,1,0.0,625,0,0,0,0,0,0,1,1,0.0
4289,1.0,1999,5,3,1,640,0,1,0,0,0,16,4,1,0.0,630,0,0,0,0,0,11,3,1,0.0
4290,2.0,2001,5,3,0,640,0,1,0,0,0,7,3,1,0.0,630,0,0,0,0,0,0,1,1,0.0
4291,50.0,1998,1,1,0,640,0,1,0,0,0,7,3,1,0.0,652,0,0,0,0,0,0,1,1,0.0
4292,1.0,1999,5,3,0,630,0,1,0,0,0,16,4,1,0.0,645,0,0,0,0,0,0,1,1,0.0
4293,2.0,1995,5,3,0,694,0,0,0,0,0,8,3,1,0.0,670,0,0,0,0,0,0,1,1,0.0
4295,68.0,2000,7,3,0,345,0,0,0,0,0,15,4,1,0.0,coalition,0,0,0,0,0,0,1,1,1.0
4296,1.0,2001,5,3,0,900,0,0,0,0,0,15,4,1,0.0,385,0,1,0,0,0,0,1,1,0.0
4297,51.0,1996,4,1,0,365,0,0,0,0,0,15,4,1,0.0,740,1,0,0,0,0,0,1,1,0.0
4298,56.0,2000,5,3,1,345,0,0,0,0,0,15,4,1,0.0,coalition,0,0,0,0,0,7,3,1,1.0
4299,3.0,1993,5,3,0,2,0,0,0,0,0,16,4,1,0.0,645,0,0,0,0,0,0,1,1,0.0
4300,130.0,2001,5,3,1,438,0,1,0,0,0,16,4,1,0.0,451,0,0,0,0,0,11,3,1,0.0
4301,16.0,2001,7,4,0,451,0,0,0,1,0,15,4,1,0.0,450,0,0,0,1,0,0,1,1,0.0
4302,36.0,1999,6,1,0,438,0,1,0,0,0,8,3,1,0.0,450,0,1,0,0,0,0,1,1,0.0
4303,319.0,2001,8,4,1,540,0,1,0,0,0,16,4,1,0.0,551,0,0,0,0,0,16,4,1,0.0
4304,3.0,1997,5,3,0,625,0,0,0,0,0,12,3,1,0.0,500,0,0,0,0,0,0,1,1,0.0
4305,1.0,2001,5,3,0,500,0,0,0,0,0,8,3,1,0.0,625,0,0,0,0,0,0,1,1,0.0
4306,6.0,2001,5,3,0,482,1,0,0,0,0,14,4,1,0.0,471,0,0,0,0,0,0,1,1,0.0
4307,155.5,1994,3,4,0,490,0,0,0,0,0,14,4,1,0.0,551,0,0,0,0,0,0,1,1,0.0
4308,1.0,1993,5,3,1,436,0,0,0,0,0,17,4,1,0.0,432,0,0,0,0,0,17,4,1,0.0
4309,43.5,1996,5,3,0,438,1,0,0,0,0,14,4,1,0.0,437,0,0,0,0,0,0,1,1,0.0
4310,219.0,2001,5,3,0,500,0,0,0,0,0,11,3,1,0.0,517,0,0,0,0,0,0,1,1,0.0
4312,3.0,2000,5,3,0,475,1,0,0,0,0,14,4,1,0.0,434,0,0,0,0,0,0,1,1,0.0
4313,2.0,2001,8,3,0,750,0,1,0,0,0,11,3,1,0.0,771,0,0,0,0,0,0,1,1,0.0
4314,79.0,2001,5,3,1,775,0,0,0,0,0,17,4,1,0.0,800,0,1,0,0,0,17,4,1,0.0
4315,6.5,1997,5,3,0,652,0,1,0,0,0,11,3,1,0.0,640,0,0,0,0,0,0,1,1,0.0
4317,147.0,2001,8,4,1,630,0,1,0,1,0,12,3,1,0.0,373,0,0,0,0,0,8,3,1,0.0
4318,353.0,1995,5,3,1,371,0,0,0,0,0,17,4,1,0.0,373,0,0,0,0,0,17,4,1,0.0
4319,151.0,1996,5,3,1,371,0,0,0,0,0,17,4,1,0.0,373,0,0,0,0,0,17,4,1,0.0
4320,868.0,2000,5,3,1,350,1,1,0,0,0,7,3,1,0.0,640,1,1,0,0,0,7,3,1,0.0
4321,6.0,1998,7,4,0,385,0,1,0,0,0,15,4,1,0.0,365,0,0,0,0,0,0,1,1,0.0
4322,4.0,1999,5,3,0,740,0,1,0,0,0,8,3,1,0.0,731,0,0,0,0,0,0,1,1,0.0
4323,18.0,1997,5,3,0,640,1,1,0,0,0,12,3,1,0.0,350,1,1,0,0,0,0,1,1,0.0
4324,176.0,2000,5,3,0,640,0,1,0,0,0,16,4,1,0.0,645,0,0,0,0,0,0,1,1,0.0
4325,680.0,2001,5,3,0,640,0,1,0,0,0,16,4,1,0.0,645,0,0,0,0,0,0,1,1,0.0
4328,15.5,1998,5,3,0,816,1,0,0,0,0,7,3,1,0.0,710,0,0,0,0,0,0,1,1,0.0
4329,16.0,1998,5,3,0,840,0,0,0,0,0,7,3,1,0.0,816,1,0,0,0,0,0,1,1,0.0
4330,1.0,1999,5,3,0,816,1,0,0,0,0,16,4,1,0.0,840,1,0,0,0,0,0,1,1,0.0
4331,13.0,1994,5,3,0,713,0,0,0,0,0,7,3,1,0.0,816,1,0,0,0,0,0,1,1,0.0
4332,4.0,1994,5,3,0,310,0,0,0,0,0,8,3,1,0.0,345,0,0,0,0,0,0,1,1,0.0
4333,16.0,1994,5,3,0,345,1,0,0,0,0,7,3,1,0.0,346,0,0,0,0,0,0,1,1,0.0
4334,1.0,1999,3,4,0,200,0,1,0,0,0,8,3,1,0.0,365,0,0,0,0,0,0,1,1,0.0
4335,1.0,1999,5,3,0,385,0,0,0,0,0,7,3,1,0.0,365,0,0,0,0,0,0,1,1,0.0
4337,6.5,1997,8,4,0,630,0,1,0,0,0,11,3,1,0.0,640,0,0,0,0,0,0,1,1,0.0
4338,12.0,1999,7,4,0,373,0,1,0,0,0,15,4,1,0.0,365,0,0,0,0,0,0,1,1,0.0
4339,1023.0,1998,5,3,1,coalition,0,0,0,0,0,21,5,1,1.0,coalition,0,1,1,0,0,21,5,1,4.0
4340,28.0,1993,5,4,1,345,1,1,0,0,0,12,3,1,0.0,344,0,0,0,0,0,16,4,1,0.0
4341,271.0,1993,6,1,1,344,1,1,0,0,0,17,4,1,0.0,346,0,0,0,0,0,17,4,1,0.0
4342,12.0,1999,5,4,0,365,0,1,0,0,0,8,3,1,0.0,coalition,0,0,0,0,0,0,1,1,12.0
4343,5.0,2000,4,4,0,345,0,1,0,0,0,7,3,1,0.0,coalition,0,0,0,0,0,0,1,1,37.0
4344,8.5,1999,8,4,0,365,0,1,0,0,0,11,3,1,0.0,640,0,0,0,0,0,11,3,0,0.0
4345,355.0,2002,5,3,0,530,0,0,1,0,0,16,4,1,0.0,520,0,0,0,0,0,0,1,1,0.0
4346,13.0,2002,6,1,0,530,0,0,0,0,0,14,4,1,0.0,501,0,0,0,0,0,0,1,1,0.0
4347,188.0,2002,5,3,0,517,0,1,0,1,0,16,4,1,0.0,490,0,0,0,0,0,0,1,1,0.0
4348,128.0,2002,8,4,1,451,0,1,0,0,0,15,4,1,0.0,450,0,0,0,0,0,12,3,1,0.0
4349,214.0,2002,5,3,0,625,0,1,0,0,0,17,4,1,0.0,531,0,0,1,0,0,17,4,1,0.0
4350,1.0,2002,5,3,0,500,0,0,0,0,0,16,4,1,0.0,501,0,0,0,0,0,0,1,1,0.0
4351,1.0,2002,5,3,0,433,0,0,0,0,0,8,3,1,0.0,420,0,0,0,0,0,0,1,1,0.0
4352,8.0,2002,2,2,1,600,1,0,0,0,0,14,4,1,0.0,230,0,0,0,0,0,7,3,1,0.0
4353,1.0,2002,5,3,0,510,0,0,0,0,0,11,3,1,0.0,516,0,0,0,0,0,0,1,1,0.0
4354,1.0,2002,5,3,0,200,0,1,0,0,0,1,2,1,0.0,552,0,0,0,0,0,0,1,1,0.0
4355,1.0,2002,5,3,0,530,0,0,0,0,0,15,4,1,0.0,531,0,0,0,0,0,0,1,1,0.0
4356,392.0,2002,5,3,1,517,0,1,0,0,0,14,4,1,0.0,coalition,0,1,0,0,0,1,2,1,1.0
4357,1.0,2002,5,3,0,540,0,0,0,0,0,16,4,1,0.0,490,0,0,0,0,0,0,1,1,0.0
4358,52.0,2002,5,3,0,450,0,1,0,0,0,16,4,1,0.0,437,0,0,0,0,0,0,1,1,0.0
4359,183.0,2002,5,3,0,620,0,0,1,0,0,14,4,1,0.0,490,0,0,0,0,0,0,1,1,0.0
4360,6.0,2003,7,3,0,625,0,0,0,0,0,15,4,1,0.0,365,0,0,0,0,0,0,1,1,0.0
4361,1.0,2003,5,3,0,615,0,0,0,0,0,12,3,1,0.0,432,0,0,0,0,0,0,1,1,0.0
4362,27.0,2003,5,3,1,530,1,0,0,0,0,17,4,1,0.0,531,0,0,0,0,0,17,4,1,0.0
4363,1.0,2003,5,3,0,530,0,0,0,0,0,16,4,1,0.0,501,0,0,0,0,0,0,1,1,0.0
4364,1.0,2003,5,3,0,432,0,0,0,0,0,8,3,1,0.0,435,0,0,0,0,0,0,1,1,0.0
4365,1.0,2004,5,3,0,517,0,0,0,0,0,11,3,1,0.0,516,0,0,0,0,0,0,1,1,0.0
4366,238.0,2004,5,3,1,coalition,0,1,0,0,0,14,4,1,1.0,490,0,1,0,0,0,16,4,1,0.0
4367,277.0,2004,5,3,1,625,0,0,0,0,0,17,4,1,0.0,coalition,0,1,0,0,0,17,4,1,1.0
4368,1.0,2004,5,3,0,551,0,0,0,0,0,8,3,1,0.0,490,0,0,0,0,0,0,1,1,0.0
4369,1.0,2004,5,3,1,501,0,1,0,0,0,11,3,1,0.0,530,0,0,0,0,0,0,1,1,0.0
4370,183.0,2004,5,3,0,531,0,1,0,0,0,14,4,1,0.0,625,0,0,0,0,0,0,1,1,0.0
4371,182.0,2004,5,3,1,437,0,1,0,0,0,17,4,1,0.0,coalition,0,1,0,0,0,17,4,1,1.0
4372,3.0,2004,5,3,1,500,0,1,0,0,0,17,4,1,0.0,517,0,0,0,0,0,17,4,1,0.0
4373,73.0,2005,5,3,0,501,0,0,0,0,0,11,3,1,0.0,520,0,0,0,0,0,0,1,1,0.0
4374,49.0,2005,5,3,1,530,0,0,0,0,0,16,4,1,0.0,501,0,1,0,0,0,11,3,1,0.0
4375,36.0,2005,5,3,1,530,1,0,0,0,0,11,3,1,0.0,531,1,0,0,0,0,8,3,1,0.0
4376,1.0,2005,5,3,0,530,0,0,0,0,0,11,3,1,0.0,520,0,0,0,0,0,0,1,1,0.0
4377,1.0,2005,5,3,0,540,0,0,0,0,0,11,3,1,0.0,490,0,0,0,0,0,0,1,1,0.0
4378,1.0,2005,5,3,0,461,0,0,0,0,0,16,4,1,0.0,452,0,0,0,0,0,0,1,1,0.0
4379,1.0,2005,5,3,0,531,0,0,0,0,0,16,4,1,0.0,679,0,0,0,0,0,0,1,1,0.0
4380,1.0,2005,5,3,0,471,1,0,0,0,0,16,4,1,0.0,475,0,0,0,0,0,0,1,1,0.0
4381,1.0,2005,5,3,0,500,0,1,0,0,0,4,2,1,0.0,490,0,0,0,0,0,0,1,1,0.0
4382,1.0,2005,5,3,0,220,0,0,0,0,0,7,3,1,0.0,437,0,0,0,0,0,0,1,1,0.0
4383,1.0,2005,5,3,0,530,1,0,0,0,0,11,3,1,0.0,531,0,0,0,0,0,11,3,1,0.0
4384,286.0,2005,5,3,1,483,0,1,0,0,0,17,4,1,0.0,625,0,0,0,0,0,17,4,1,0.0
4385,4.0,2006,5,3,1,530,0,1,0,0,0,17,4,1,0.0,501,0,0,0,0,0,17,4,1,0.0
4386,1.0,2006,5,3,0,500,0,1,0,0,0,17,4,1,0.0,490,0,1,0,0,0,17,4,1,0.0
4387,218.0,2006,5,3,0,530,0,0,1,0,0,14,4,1,0.0,520,0,0,0,0,0,0,1,1,0.0
4388,1.0,2006,2,2,0,517,0,0,0,0,0,12,3,1,0.0,516,0,0,0,0,0,0,1,1,0.0
4389,1.0,2006,5,3,0,531,0,0,0,0,0,11,3,1,0.0,530,1,0,0,0,0,0,1,1,0.0
4390,174.0,2006,5,3,1,483,0,1,0,0,0,17,4,1,0.0,625,0,1,0,0,0,17,4,1,0.0
4391,1.0,2006,5,3,0,501,0,0,0,0,0,11,3,1,0.0,520,0,0,0,0,0,0,1,1,0.0
4392,145.0,2007,5,3,1,500,1,1,0,0,0,17,4,1,0.0,490,1,1,0,0,0,17,4,1,0.0
4393,183.0,2007,8,4,1,490,0,0,0,0,0,16,4,1,0.0,516,0,1,0,0,0,15,4,1,0.0
4394,1.0,2007,5,3,0,530,1,0,0,0,0,17,4,1,0.0,531,0,0,0,0,0,17,4,1,0.0
4395,199.0,2007,5,3,1,483,0,1,0,0,0,17,4,1,0.0,625,0,1,0,0,0,17,4,1,0.0
4396,1.0,2008,2,2,0,520,0,1,0,0,0,17,4,1,0.0,530,0,0,0,0,0,17,4,1,0.0
4397,1.0,2008,5,3,0,2,0,1,0,0,0,16,4,1,0.0,520,0,0,0,0,0,0,1,1,0.0
4398,184.0,2008,8,4,0,531,0,0,0,0,0,17,4,1,0.0,522,0,0,0,0,0,17,4,1,0.0
4399,61.0,2008,5,3,1,625,0,0,0,0,0,16,4,1,0.0,530,0,0,0,0,0,16,4,1,0.0
4400,1.0,2008,5,3,0,501,0,0,0,0,0,11,3,1,0.0,520,0,0,0,0,0,0,1,1,0.0
4401,655.0,2008,5,3,0,530,0,1,1,0,0,16,4,1,0.0,520,0,0,0,0,0,0,1,1,0.0
4402,182.0,2009,8,4,0,540,0,0,0,0,0,14,4,1,0.0,490,0,0,0,0,0,0,1,1,0.0
4403,62.0,2009,5,3,0,483,0,0,1,0,0,16,4,1,0.0,625,0,0,0,0,0,0,1,1,0.0
4404,86.0,2009,5,3,0,501,0,0,0,0,0,11,3,1,0.0,520,0,0,0,0,0,0,1,1,0.0
4405,1.0,2010,2,2,1,530,1,0,0,0,0,17,4,1,0.0,531,0,0,0,0,0,17,4,1,0.0
4406,1.0,2010,5,3,0,517,0,0,0,0,0,11,3,1,0.0,500,0,0,0,0,0,0,1,1,0.0
4407,125.0,2010,8,4,1,531,0,0,0,0,0,12,3,1,0.0,679,0,1,0,0,0,15,4,1,0.0
4408,125.0,2010,8,4,0,500,0,1,0,0,0,14,4,1,0.0,501,0,0,0,0,0,0,1,1,0.0
4409,1.0,2002,5,3,1,630,0,1,0,0,0,7,3,1,0.0,373,0,0,0,0,0,7,3,1,0.0
4410,2.0,2002,5,3,0,640,1,0,0,0,0,7,3,1,0.0,coalition,0,0,0,0,0,0,1,1,1.0
4411,1.0,2002,5,3,0,365,0,1,0,0,0,11,3,1,0.0,373,0,0,0,0,0,0,1,1,0.0
4412,1.0,2002,6,1,0,343,0,0,0,0,0,16,4,1,0.0,339,0,0,0,0,0,0,1,1,0.0
4413,1.0,2002,5,3,0,344,0,1,0,0,0,7,3,1,0.0,349,0,0,0,0,0,0,1,1,0.0
4414,4528.0,2002,5,3,1,371,1,0,0,0,0,17,4,1,0.0,373,0,0,0,0,0,17,4,1,0.0
4415,1.0,2002,5,3,0,640,1,0,0,0,0,7,3,1,0.0,350,0,0,0,0,0,0,1,1,0.0
4416,1.0,2003,5,3,0,365,0,1,0,0,0,7,3,1,0.0,372,0,0,0,0,0,0,1,1,0.0
4417,1.0,2003,5,3,0,390,0,0,0,0,0,7,3,1,0.0,365,0,0,0,0,0,0,1,1,0.0
4418,1.0,2003,5,3,1,630,0,0,0,0,0,7,3,1,0.0,373,0,1,0,0,0,8,3,1,0.0
4419,185.0,2003,5,3,0,359,1,0,0,0,0,11,3,1,0.0,369,0,0,0,0,0,0,1,1,0.0
4420,1.0,2003,5,3,0,365,0,1,0,0,0,7,3,1,0.0,372,0,0,0,0,0,0,1,1,0.0
4421,1.0,2004,5,3,1,704,0,0,0,0,0,16,4,1,0.0,702,0,0,0,0,0,0,1,1,0.0
4422,127.0,2004,5,3,1,372,0,0,0,0,0,16,4,1,0.0,365,0,1,0,0,0,7,3,1,0.0
4423,161.0,2004,5,3,1,640,1,1,0,0,0,7,3,1,0.0,350,1,1,0,0,0,7,3,1,0.0
4424,557.0,2005,5,3,1,365,0,1,0,0,0,12,3,1,0.0,372,0,0,0,0,0,15,4,1,0.0
4425,1.0,2005,5,3,1,365,0,0,0,0,0,12,3,1,0.0,369,0,0,0,0,0,7,3,1,0.0
4426,76.0,2005,5,3,1,702,0,0,0,0,0,8,3,1,0.0,703,0,0,0,0,0,16,4,1,0.0
4427,174.0,2005,5,3,0,702,0,0,0,0,0,11,3,1,0.0,704,0,0,0,0,0,11,3,1,0.0
4428,1.0,2005,5,3,0,703,0,0,0,0,0,11,3,1,0.0,704,0,0,0,0,0,11,3,1,0.0
4429,183.0,2005,8,4,0,385,0,1,0,0,0,15,4,1,0.0,365,0,0,0,0,0,0,1,1,0.0
4430,1.0,2005,5,3,0,703,0,0,0,0,0,11,3,1,0.0,704,0,0,0,0,0,0,1,1,0.0
4431,147.0,2006,5,3,1,350,1,1,0,0,0,7,3,1,0.0,640,1,1,0,0,0,7,3,1,0.0
4432,89.0,2006,5,3,0,703,0,0,0,0,0,16,4,1,0.0,704,0,0,0,0,0,0,1,1,0.0
4433,73.0,2006,5,3,1,702,0,0,0,0,0,16,4,1,0.0,704,0,0,0,0,0,12,3,1,0.0
4434,1.0,2006,5,3,0,371,0,0,0,0,0,16,4,1,0.0,640,0,0,0,0,0,0,1,1,0.0
4435,74.0,2007,5,3,1,640,0,0,0,0,0,7,3,1,0.0,350,0,0,0,0,0,7,3,1,0.0
4436,1146.0,2007,5,3,1,365,0,1,0,0,0,17,4,1,0.0,372,0,1,0,0,0,17,4,1,0.0
4437,52.0,2007,5,3,0,365,0,0,0,0,0,7,3,1,0.0,375,0,0,0,0,0,0,1,1,0.0
4438,1.0,2008,5,3,0,365,0,0,0,0,0,7,3,1,0.0,369,0,0,0,0,0,0,1,1,0.0
4439,1.0,2008,5,3,0,355,0,1,0,0,0,16,4,1,0.0,640,0,0,0,0,0,0,1,1,0.0
4440,1.0,2008,5,3,0,365,0,1,0,0,0,7,3,1,0.0,385,0,0,0,0,0,0,1,1,0.0
4441,1.0,2009,5,3,0,369,0,0,0,0,0,11,3,1,0.0,359,0,0,0,0,0,0,1,1,0.0
4442,147.0,2010,5,3,1,703,0,0,0,0,0,17,4,1,0.0,704,0,0,0,0,0,17,4,1,0.0
4443,1.0,2010,5,3,0,640,0,0,0,0,0,7,3,1,0.0,350,0,0,0,0,0,0,1,1,0.0
4444,203.0,2002,5,3,0,713,0,1,0,0,0,7,3,1,0.0,710,0,0,0,0,0,0,1,1,0.0
4445,1.0,2002,5,3,0,710,0,1,0,0,0,12,3,1,0.0,740,0,0,0,0,0,0,1,1,0.0
4446,6.0,2002,5,3,0,710,0,0,0,0,0,7,3,1,0.0,816,0,0,0,0,0,0,1,1,0.0
4447,1.0,2002,5,3,0,710,0,1,0,0,0,12,3,1,0.0,732,0,0,0,0,0,0,1,1,0.0
4448,185.0,2002,8,4,0,840,0,1,0,0,0,15,4,1,0.0,710,0,0,0,0,0,0,1,1,0.0
4449,1.0,2002,5,3,0,740,0,1,0,0,0,7,3,1,0.0,731,0,0,0,0,0,0,1,1,0.0
4450,1.0,2002,5,3,0,710,1,1,0,0,0,7,3,1,0.0,2,0,0,0,0,0,0,1,1,0.0
4451,2.0,2002,7,3,0,coalition,0,0,0,0,0,15,4,1,1.0,731,0,0,0,0,0,0,1,1,0.0
4452,1.0,2003,5,3,0,850,0,1,0,0,0,16,4,1,0.0,910,0,0,0,0,0,0,1,1,0.0
4453,1.0,2003,5,3,0,850,0,1,0,0,0,16,4,1,0.0,840,0,0,0,0,0,0,1,1,0.0
4454,1.0,2003,5,3,0,740,0,1,0,0,0,7,3,1,0.0,713,0,0,0,0,0,0,1,1,0.0
4455,215.0,2003,5,3,1,2,0,1,0,0,0,7,3,1,0.0,731,0,1,0,0,0,7,3,1,0.0
4456,97.0,2003,5,3,0,740,0,1,0,0,0,15,4,1,0.0,731,0,0,0,0,0,0,1,1,0.0
4457,460.0,2003,5,3,0,740,0,1,0,0,0,15,4,1,0.0,710,0,0,0,0,0,0,1,1,0.0
4458,1.0,2003,5,3,0,710,0,0,0,0,0,12,3,1,0.0,750,0,0,0,0,0,0,1,1,0.0
4459,185.0,2003,8,4,0,230,0,0,0,0,0,15,4,1,0.0,732,0,0,0,0,0,0,1,1,0.0
4460,1.0,2003,5,3,0,2,0,0,0,0,0,7,3,1,0.0,850,0,0,0,0,0,0,1,1,0.0
4461,1.0,2003,5,3,0,713,0,1,0,0,0,7,3,1,0.0,840,0,0,0,0,0,0,1,1,0.0
4462,273.0,2003,5,3,1,713,0,1,0,0,0,7,3,1,0.0,710,0,1,0,0,0,7,3,1,0.0
4463,1.0,2003,5,3,0,710,0,0,0,0,0,11,3,1,0.0,731,0,0,0,0,0,0,1,1,0.0
4464,1.0,2003,5,3,0,816,0,1,0,0,0,16,4,1,0.0,710,0,0,0,0,0,0,1,1,0.0
4465,215.0,2004,5,3,0,2,0,1,0,0,0,7,3,1,0.0,731,0,0,0,0,0,0,1,1,0.0
4466,1.0,2004,5,3,0,710,0,0,0,0,0,11,3,1,0.0,731,0,0,0,0,0,0,1,1,0.0
4467,1.0,2004,3,3,1,710,0,0,0,0,0,7,3,1,0.0,740,0,0,0,0,0,8,3,1,0.0
4468,122.0,2005,5,3,1,740,1,0,0,0,0,7,3,1,0.0,732,0,0,0,0,0,7,3,1,0.0
4469,1.0,2005,8,4,0,713,0,1,0,0,0,1,2,1,0.0,710,0,0,0,0,0,0,1,1,0.0
4470,26.0,2005,5,3,0,713,1,1,0,0,0,7,3,1,0.0,740,0,0,0,0,0,0,1,1,0.0
4471,185.0,2005,8,4,0,850,0,0,0,0,0,15,4,1,0.0,344,0,0,0,0,0,0,1,1,0.0
4472,64.0,2005,5,3,0,710,0,0,0,0,0,7,3,1,0.0,740,0,0,0,0,0,0,1,1,0.0
4473,17.0,2005,5,3,0,731,0,1,0,0,0,17,4,1,0.0,732,0,0,0,0,0,17,4,1,0.0
4474,182.5,2005,8,4,0,710,1,0,0,0,0,14,4,1,0.0,760,0,0,0,0,0,0,1,1,0.0
4475,1.0,2006,5,3,1,365,0,0,0,0,0,7,3,1,0.0,740,0,0,0,0,0,7,3,1,0.0
4476,1.0,2006,5,3,0,732,0,0,0,0,0,7,3,1,0.0,740,0,0,0,0,0,0,1,1,0.0
4477,1.0,2006,5,3,0,365,0,1,0,0,0,16,4,1,0.0,740,0,0,0,0,0,0,1,1,0.0
4478,30.0,2007,5,3,0,710,0,0,0,0,0,7,3,1,0.0,coalition,0,0,0,0,0,0,1,1,1.0
4479,1.0,2007,5,3,0,731,0,1,0,0,0,1,2,1,0.0,732,0,0,0,0,0,0,1,1,0.0
4480,1.0,2008,5,3,1,365,0,0,0,0,0,7,3,1,0.0,740,0,0,0,0,0,7,3,1,0.0
4481,48.0,2008,5,3,0,731,0,1,0,0,0,7,3,1,0.0,732,0,0,0,0,0,0,1,1,0.0
4482,1.0,2008,5,3,0,713,0,1,0,0,0,7,3,1,0.0,740,0,0,0,0,0,0,1,1,0.0
4483,1627.0,2009,5,3,1,coalition,0,1,0,0,0,17,4,1,1.0,731,0,1,0,0,0,17,4,1,0.0
4484,1.0,2009,5,3,0,365,0,1,0,0,0,16,4,1,0.0,740,0,0,0,0,0,0,1,1,0.0
4485,1.0,2009,5,3,0,365,0,0,0,0,0,16,4,1,0.0,710,0,0,0,0,0,0,1,1,0.0
4486,11.0,2009,5,3,1,710,0,1,0,0,0,7,3,1,0.0,2,0,1,0,0,0,7,3,1,0.0
4487,1.0,2009,5,3,0,750,0,0,0,0,0,8,3,1,0.0,710,0,0,0,0,0,0,1,1,0.0
4488,198.0,2010,5,3,0,710,0,1,0,0,0,15,4,1,0.0,816,0,0,0,0,0,0,1,1,0.0
4489,1.0,2010,5,3,0,710,0,0,0,0,0,7,3,1,0.0,740,0,0,0,0,0,0,1,1,0.0
4490,1.0,2010,5,3,0,731,0,0,0,0,0,16,4,1,0.0,710,0,0,0,0,0,0,1,1,0.0
4491,1576.0,2010,5,3,1,740,0,1,0,0,0,15,4,1,0.0,710,1,1,0,0,0,7,3,1,0.0
4492,1.0,2010,5,3,0,740,0,1,0,0,0,7,3,1,0.0,713,0,0,0,0,0,0,1,1,0.0
4493,1.0,2010,5,3,0,732,0,0,0,0,0,7,3,1,0.0,710,0,0,0,0,0,0,1,1,0.0
4494,1.0,2002,5,3,0,160,0,1,0,0,0,16,4,1,0.0,365,0,0,0,0,0,0,1,1,0.0
4495,16.0,2003,5,3,0,101,0,1,0,0,0,16,4,1,0.0,100,0,0,0,0,0,0,1,1,0.0
4496,1.0,2003,5,3,0,140,0,0,0,0,0,16,4,1,0.0,135,0,0,0,0,0,0,1,1,0.0
4497,1.0,2004,5,3,0,42,0,0,0,0,0,11,3,1,0.0,41,0,0,0,0,0,0,1,1,0.0
4498,1.0,2005,5,3,0,130,0,1,0,0,0,11,3,1,0.0,100,0,0,0,0,0,0,1,1,0.0
4499,7.0,2006,5,3,0,100,0,1,0,0,0,11,3,1,0.0,130,0,0,0,0,0,11,3,1,0.0
4500,1.0,2006,5,3,0,101,0,0,0,0,0,16,4,1,0.0,100,0,0,0,0,0,0,1,1,0.0
4501,16.0,2007,5,3,0,100,0,0,0,0,0,16,4,1,0.0,130,0,0,0,0,0,0,1,1,0.0
4502,2.0,2008,5,3,1,100,0,1,0,0,0,12,3,1,0.0,130,0,1,0,0,0,11,3,1,0.0
4503,75.0,2008,5,3,1,101,0,1,0,0,0,11,3,1,0.0,100,0,1,0,0,0,12,3,1,0.0
4504,159.0,2009,5,3,0,130,0,1,0,0,0,11,3,1,0.0,100,0,0,0,0,0,0,1,1,0.0
4505,105.0,2009,5,3,1,100,0,1,0,0,0,12,3,1,0.0,101,0,1,0,0,0,11,3,1,0.0
4506,1.0,2010,5,3,0,2,0,0,0,0,0,7,3,1,0.0,101,0,0,0,0,0,7,3,1,0.0
4507,2.0,2010,5,3,1,100,0,1,0,0,0,7,3,1,0.0,101,0,1,0,0,0,11,3,1,0.0
4508,182.5,2010,5,3,0,93,1,1,0,0,0,14,4,1,0.0,94,1,1,0,0,0,0,1,1,0.0
4509,1.0,2002,5,3,0,670,0,0,0,0,0,11,3,1,0.0,666,0,0,0,0,0,0,1,1,0.0
4510,213.0,2002,5,3,1,630,0,0,0,0,0,11,3,1,0.0,645,0,0,0,0,0,11,3,1,0.0
4511,1.0,2003,5,3,0,666,0,0,0,0,0,17,4,1,0.0,652,0,0,0,0,0,17,4,1,0.0
4512,286.0,2003,8,4,1,coalition,0,0,0,0,0,16,4,1,1.0,630,0,0,0,0,0,15,4,1,0.0
4513,23.0,2003,5,3,0,666,0,0,0,0,0,8,3,1,0.0,645,0,0,0,0,0,0,1,1,0.0
4514,3.0,2003,5,3,0,630,0,1,0,0,0,16,4,1,0.0,645,0,0,0,0,0,0,1,1,0.0
4515,1.0,2003,5,3,0,666,0,1,0,0,0,16,4,1,0.0,225,0,0,0,0,0,0,1,1,0.0
4516,2.0,2003,7,1,0,2,0,0,0,0,0,15,4,1,0.0,640,0,0,0,0,0,0,1,1,0.0
4517,90.0,2003,5,3,0,666,0,1,0,0,0,16,4,1,0.0,652,0,0,0,0,0,0,1,1,0.0
4518,32.0,2004,5,3,1,2,0,1,0,0,0,17,4,1,0.0,652,0,0,0,0,0,17,4,1,0.0
4519,1.0,2004,2,3,0,630,0,0,0,0,0,17,4,1,0.0,2,0,0,0,0,0,17,4,1,0.0
4520,1.0,2004,5,3,0,640,0,0,0,0,0,11,3,1,0.0,652,0,0,0,0,0,0,1,1,0.0
4521,29.0,2004,7,1,1,696,0,1,0,0,0,16,4,1,0.0,630,0,1,0,0,0,15,4,1,0.0
4522,184.0,2004,8,4,0,694,0,1,0,0,0,16,4,1,0.0,630,0,0,0,0,0,0,1,1,0.0
4523,206.0,2004,5,3,1,630,0,0,0,0,0,11,3,1,0.0,645,0,0,0,0,0,15,4,1,0.0
4524,136.0,2004,5,3,0,2,0,1,0,0,0,7,3,1,0.0,630,0,0,0,0,0,0,1,1,0.0
4525,7.0,2004,5,3,1,640,0,1,0,0,0,7,3,1,0.0,630,0,0,0,0,0,16,4,1,0.0
4526,1.0,2004,5,3,0,666,0,0,0,0,0,16,4,1,0.0,651,0,0,0,0,0,0,1,1,0.0
4527,92.0,2005,5,3,1,652,0,0,0,0,0,17,4,1,0.0,coalition,0,1,0,0,0,17,4,1,1.0
4528,1.0,2005,5,3,0,640,0,1,0,0,0,11,3,1,0.0,645,0,0,0,0,0,0,1,1,0.0
4529,5.0,2005,5,3,0,630,0,1,0,0,0,16,4,1,0.0,645,0,0,0,0,0,0,1,1,0.0
4530,182.0,2005,8,4,1,679,0,0,0,0,0,17,4,1,0.0,670,0,0,0,0,0,17,4,1,0.0
4531,1.0,2006,5,3,0,651,0,0,0,0,0,17,4,1,0.0,666,0,0,0,0,0,17,4,1,0.0
4532,34.0,2006,5,3,1,666,0,1,0,0,0,7,3,1,0.0,652,0,0,0,0,0,16,4,1,0.0
4533,928.0,2006,5,3,1,666,0,1,0,0,0,17,4,1,0.0,660,0,1,0,0,0,17,4,1,0.0
4534,182.0,2006,8,4,1,645,0,0,0,0,0,12,3,1,0.0,630,0,0,0,0,0,15,4,1,0.0
4535,152.0,2007,5,3,0,2,0,1,0,0,0,15,4,1,0.0,630,0,0,0,0,0,0,1,1,0.0
4536,986.0,2007,5,3,0,630,0,1,0,0,0,16,4,1,0.0,645,0,0,0,0,0,0,1,1,0.0
4537,730.0,2007,5,3,0,640,0,1,0,0,0,16,4,1,0.0,645,0,0,0,0,0,0,1,1,0.0
4538,2.0,2007,7,3,0,2,0,0,0,0,0,15,4,1,0.0,630,0,0,0,0,0,0,1,1,0.0
4539,1.0,2007,5,3,1,666,0,1,0,0,0,16,4,1,0.0,652,0,0,0,0,0,16,4,1,0.0
4540,1.0,2008,5,3,0,2,0,1,0,0,0,16,4,1,0.0,652,0,0,0,0,0,0,1,1,0.0
4541,1.0,2008,5,3,0,630,0,1,0,0,0,1,2,1,0.0,2,0,0,0,0,0,0,1,1,0.0
4542,1.0,2009,5,3,0,666,0,0,0,0,0,16,4,1,0.0,220,0,0,0,0,0,0,1,1,0.0
4543,1.0,2009,5,3,1,630,0,0,0,0,0,7,3,1,0.0,coalition,0,0,0,0,0,16,4,1,1.0
4544,1.0,2009,5,3,0,666,0,0,0,0,0,16,4,1,0.0,651,0,0,0,0,0,0,1,1,0.0
4545,1937.0,2009,5,3,1,666,0,1,0,0,0,17,4,1,0.0,660,0,1,0,0,0,17,4,1,0.0
4546,43.0,2009,3,3,0,630,1,0,0,0,0,14,4,1,0.0,645,0,0,0,0,0,0,1,1,0.0
4547,234.0,2010,5,3,0,630,0,1,0,0,0,16,4,1,0.0,645,0,0,0,0,0,0,1,1,0.0
4548,185.0,2010,5,3,0,666,0,1,0,0,0,7,3,1,0.0,630,0,0,0,0,0,0,1,1,0.0
4549,16.0,2004,5,3,0,390,1,0,0,0,0,7,3,1,0.0,20,1,0,0,0,0,0,1,1,0.0
4550,185.0,2005,8,4,0,20,0,1,0,0,0,15,4,1,0.0,235,0,0,0,0,0,0,1,1,0.0
4551,215.0,2005,5,3,0,20,1,0,0,0,0,7,3,1,0.0,390,1,0,0,0,0,0,1,1,0.0
4552,1228.0,2002,5,3,1,770,0,1,0,0,0,17,4,1,1.0,coalition,0,1,0,0,0,17,4,1,0.0
4553,262.0,2002,5,3,1,775,0,1,0,0,0,17,4,1,0.0,800,0,1,0,0,0,17,4,1,0.0
4554,1.0,2002,5,3,0,771,0,0,0,0,0,17,4,1,0.0,750,1,0,0,0,0,17,4,1,0.0
4555,1650.0,2002,5,3,1,750,0,1,0,0,0,17,4,1,0.0,771,0,1,0,0,0,17,4,1,0.0
4556,16.0,2003,5,3,0,820,1,1,0,0,0,7,3,1,0.0,830,0,0,0,0,0,0,1,1,0.0
4557,1.0,2003,5,3,0,775,0,0,0,0,0,16,4,1,0.0,800,0,0,0,0,0,0,1,1,0.0
4558,1.0,2003,5,3,0,775,0,1,0,0,0,16,4,1,0.0,800,0,0,0,0,0,0,1,1,0.0
4559,301.0,2004,5,3,1,820,0,0,0,0,0,11,3,1,0.0,800,0,0,0,0,0,15,4,1,0.0
4560,1.0,2004,5,3,0,850,0,1,0,0,0,16,4,1,0.0,800,0,0,0,0,0,0,1,1,0.0
4561,1.0,2004,5,3,0,750,0,0,0,0,0,16,4,1,0.0,770,0,0,0,0,0,0,1,1,0.0
4562,1.0,2004,5,3,0,775,0,1,0,0,0,16,4,1,0.0,800,0,0,0,0,0,0,1,1,0.0
4563,345.0,2004,8,4,1,790,0,0,0,0,0,12,3,1,0.0,750,0,1,0,0,0,15,4,1,0.0
4564,195.0,2004,5,3,1,775,0,1,0,0,0,17,4,1,0.0,800,0,0,0,0,0,17,4,1,0.0
4565,1.0,2004,5,3,0,750,0,0,0,0,0,8,3,1,0.0,775,0,0,0,0,0,0,1,1,0.0
4566,273.0,2005,5,3,1,750,0,1,0,0,0,16,4,1,0.0,770,1,0,0,0,0,16,4,1,0.0
4567,150.0,2005,5,3,1,820,0,1,0,0,0,7,3,1,0.0,850,0,1,0,0,0,8,3,1,0.0
4568,1.0,2005,5,3,0,2,0,1,0,0,0,16,4,1,0.0,770,0,0,0,0,0,0,1,1,0.0
4569,5.0,2005,5,3,1,811,0,1,0,0,0,11,3,1,0.0,800,0,0,0,0,0,11,3,1,0.0
4570,31.0,2005,5,3,0,820,0,0,0,0,0,11,3,1,0.0,800,0,0,0,0,0,0,1,1,0.0
4571,46.0,2005,5,3,0,2,0,1,0,0,0,16,4,1,0.0,770,0,0,0,0,0,0,1,1,0.0
4572,182.0,2006,8,4,1,820,0,0,0,0,0,12,3,1,0.0,800,0,0,0,0,0,15,4,1,0.0
4573,1.0,2006,5,3,0,770,0,0,0,0,0,17,4,1,0.0,700,0,1,0,0,0,17,4,1,0.0
4574,1.0,2006,5,3,0,800,0,0,0,0,0,11,3,1,0.0,775,0,0,0,0,0,0,1,1,0.0
4575,2980.0,2006,5,3,0,2,0,1,0,0,0,16,4,1,0.0,770,0,0,0,0,0,0,1,1,0.0
4576,149.0,2006,5,3,1,700,0,0,0,0,0,17,4,1,0.0,770,0,0,0,0,0,17,4,1,0.0
4577,37.0,2007,5,3,0,2,0,1,0,0,0,16,4,1,0.0,770,0,0,0,0,0,0,1,1,0.0
4578,207.0,2007,5,3,1,630,0,0,0,0,0,17,4,1,0.0,700,0,0,0,0,0,17,4,1,0.0
4579,1.0,2007,5,3,0,775,0,0,0,0,0,16,4,1,0.0,800,0,0,0,0,0,0,1,1,0.0
4580,1.0,2007,5,3,0,750,0,1,0,0,0,11,3,1,0.0,710,0,0,0,0,0,0,1,1,0.0
4581,409.0,2008,5,3,1,2,0,1,0,0,0,17,4,1,0.0,770,0,1,0,0,0,17,4,1,0.0
4582,10.0,2008,5,3,1,750,0,0,0,0,0,17,4,1,0.0,771,0,0,0,0,0,17,4,1,0.0
4583,12.0,2008,5,3,1,630,0,0,0,0,0,17,4,1,0.0,700,0,0,0,0,0,17,4,1,0.0
4584,273.0,2008,5,3,1,700,0,1,0,0,0,17,4,1,0.0,770,0,0,0,0,0,17,4,1,0.0
4585,2423.0,2008,8,4,1,770,1,1,0,0,0,17,4,1,0.0,750,0,1,0,0,0,17,4,1,0.0
4586,1.0,2008,5,3,0,820,0,1,0,0,0,7,3,1,0.0,850,0,0,0,0,0,0,1,1,0.0
4587,108.0,2008,5,3,0,780,0,1,0,0,0,16,4,1,0.0,750,0,0,0,0,0,0,1,1,0.0
4588,1253.0,2008,5,3,1,800,1,0,0,0,0,17,4,1,0.0,811,0,1,0,0,0,17,4,1,0.0
4589,1.0,2008,5,3,0,850,0,0,0,0,0,16,4,1,0.0,910,0,0,0,0,0,0,1,1,0.0
4590,1.0,2008,5,3,0,771,0,0,0,0,0,17,4,1,0.0,750,0,0,0,0,0,17,4,1,0.0
4591,155.0,2008,5,3,1,771,0,0,0,0,0,7,3,1,0.0,775,0,1,0,0,0,11,3,1,0.0
4592,4.0,2008,6,1,1,750,0,0,0,0,0,7,3,1,0.0,771,0,1,0,0,0,7,3,1,0.0
4593,492.0,2009,5,3,1,750,0,0,0,0,0,17,4,1,0.0,771,0,0,0,0,0,17,4,1,0.0
4594,1.0,2009,5,3,1,630,0,0,0,0,0,17,4,1,0.0,700,0,0,0,0,0,17,4,1,0.0
4595,1.0,2009,5,3,0,775,0,0,0,0,0,16,4,1,0.0,800,0,0,0,0,0,0,1,1,0.0
4596,83.0,2009,5,3,1,775,0,1,0,0,0,11,3,1,0.0,771,0,0,0,0,0,11,3,1,0.0
4597,1.0,2009,5,3,0,630,0,0,0,0,0,11,3,1,0.0,770,0,0,0,0,0,0,1,1,0.0
4598,646.0,2010,5,3,1,2,0,1,0,0,0,17,4,1,0.0,770,0,1,0,0,0,17,4,1,0.0
4599,53.0,2010,8,4,1,630,0,0,0,0,0,15,4,1,0.0,700,0,0,0,0,0,15,4,1,0.0
4601,160.0,2014,8,3,1,365,0,0,0,0,0,7,3,1,0.0,2,0,0,0,0,0,7,3,1,0.0
4602,20.0,2011,8,3,0,630,0,1,0,0,0,7,3,1,0.0,2,0,1,0,0,0,0,1,1,0.0
4603,132.0,2012,8,3,0,630,0,1,0,0,0,16,4,1,0.0,2,0,1,0,0,0,0,1,1,0.0
4604,150.0,2014,8,3,0,2,0,0,0,0,0,16,4,1,0.0,700,0,0,0,0,0,0,1,1,0.0
4605,1.0,2013,8,3,0,710,0,1,0,0,0,7,3,1,0.0,2,0,1,0,0,0,0,1,1,0.0
4606,1.0,2014,8,3,0,710,0,1,0,0,0,7,3,1,0.0,2,0,1,0,0,0,0,1,1,0.0
4607,1.0,2011,8,3,0,51,0,1,0,0,0,16,4,1,0.0,91,0,0,0,0,0,0,1,1,0.0
4608,4.0,2013,7,4,0,130,0,1,0,0,0,15,4,1,0.0,95,0,0,0,0,0,0,1,1,0.0
4609,4.0,2013,7,4,0,95,0,0,0,0,0,15,4,1,0.0,731,0,0,0,0,0,0,1,1,0.0
4610,1.0,2013,8,3,1,365,0,0,0,0,0,7,3,1,0.0,100,0,0,0,0,0,7,3,1,0.0
4611,9.0,2013,7,1,0,101,0,0,0,0,0,15,4,1,0.0,110,0,0,0,0,0,0,1,1,0.0
4612,1.0,2012,8,3,0,200,1,0,0,0,0,7,3,1,0.0,160,1,0,0,0,0,0,1,1,0.0
4613,79.0,2012,7,1,0,452,0,1,0,0,0,15,4,1,0.0,160,0,0,0,0,0,0,1,1,0.0
4614,1.0,2012,8,3,0,230,1,0,0,0,0,7,3,1,0.0,200,1,0,0,0,0,0,1,1,0.0
4615,49.0,2013,8,3,1,230,1,0,0,0,0,7,3,1,0.0,200,1,0,0,0,0,7,3,1,0.0
4616,1.0,2014,8,3,0,200,1,0,0,0,0,7,3,1,0.0,230,1,0,0,0,0,0,1,1,0.0
4617,8.0,2011,1,2,1,220,0,0,1,0,0,17,4,1,0.0,437,0,0,0,0,0,17,4,1,0.0
4618,3.0,2011,7,1,0,437,0,0,0,0,0,15,4,1,0.0,220,0,0,0,0,0,0,1,1,0.0
4619,110.0,2012,7,1,1,325,0,0,0,0,0,16,4,1,0.0,750,0,0,0,0,0,15,4,1,0.0
4620,1.0,2011,8,3,0,345,1,0,0,0,0,11,3,1,0.0,347,1,0,0,0,0,0,1,1,0.0
4621,6.0,2013,8,3,0,345,1,0,0,0,0,16,4,1,0.0,347,1,0,0,0,0,0,1,1,0.0
4622,20.0,2014,7,1,0,433,0,1,0,0,0,15,4,1,0.0,coalition,0,0,0,0,0,0,1,1,1.0
4624,125.0,2014,8,3,1,800,1,0,0,0,0,17,4,1,0.0,811,1,0,0,0,0,17,4,1,0.0
4625,134.0,2011,8,3,1,350,1,0,0,0,0,7,3,1,0.0,640,1,0,0,0,0,7,3,1,0.0
4626,1.0,2012,8,3,0,640,1,0,0,0,0,7,3,1,0.0,350,1,0,0,0,0,0,1,1,0.0
4627,811.0,2012,8,3,1,640,1,0,0,0,0,7,3,1,0.0,350,1,0,0,0,0,7,3,1,0.0
4628,18.0,2011,8,3,1,640,1,1,0,0,0,7,3,1,0.0,coalition,1,1,0,0,0,7,3,1,1.0
4629,82.0,2011,8,3,0,365,1,0,0,0,0,15,4,1,0.0,372,0,0,0,0,0,0,1,1,0.0
4630,37.0,2012,8,3,0,365,1,0,1,0,0,7,3,1,0.0,372,1,0,0,0,0,0,1,1,0.0
4631,410.0,2013,8,3,0,365,1,0,0,0,0,7,3,1,0.0,372,1,0,0,0,0,0,1,1,0.0
4632,555.0,2011,8,3,0,640,0,1,0,0,0,16,4,1,0.0,645,0,1,0,0,0,0,1,1,0.0
4633,1.0,2014,8,3,0,640,0,1,0,0,0,16,4,1,0.0,645,0,1,0,0,0,0,1,1,0.0
4634,4.0,2014,8,4,0,365,0,1,0,0,0,15,4,1,0.0,368,0,0,0,0,0,0,1,1,0.0
4636,1432.0,2011,8,3,1,coalition,1,0,0,0,0,17,4,1,1.0,770,1,0,0,0,0,17,4,1,0.0
4637,172.0,2013,8,3,1,640,0,1,0,0,0,7,3,1,0.0,coalition,0,1,0,0,0,7,3,1,1.0
4639,1.0,2013,8,3,0,705,0,1,0,0,0,16,4,1,0.0,365,0,0,0,0,0,0,1,1,0.0
4640,4.0,2012,7,1,0,365,0,1,0,0,0,16,4,1,0.0,710,0,0,0,0,0,0,1,1,0.0
4642,32.0,2011,8,3,1,630,0,0,0,0,0,12,3,1,0.0,373,0,0,0,0,0,16,4,1,0.0
4643,30.0,2013,8,3,0,438,1,0,0,0,0,14,4,1,0.0,437,1,0,0,0,0,0,1,1,0.0
4644,1.0,2011,8,3,1,482,0,0,0,0,0,17,4,1,0.0,471,0,0,0,0,0,17,4,1,0.0
4645,6.0,2013,8,3,0,540,1,0,0,0,0,15,4,1,0.0,484,1,0,0,0,0,0,1,1,0.0
4646,79.5,2013,3,1,0,500,0,1,0,0,0,14,4,1,0.0,490,0,1,0,0,0,0,1,1,0.0
4647,1.0,2012,8,3,1,517,0,0,0,0,0,17,4,1,0.0,490,0,0,0,0,0,17,4,1,0.0
4648,8.0,2013,8,3,0,490,0,1,0,0,0,16,4,1,0.0,517,0,1,0,0,0,0,1,1,0.0
4649,3.0,2013,7,1,0,517,0,0,0,0,0,15,4,1,0.0,490,0,0,0,0,0,0,1,1,0.0
4650,182.0,2014,8,3,1,517,1,0,0,0,0,17,4,1,0.0,490,1,0,0,0,0,17,4,1,0.0
4651,1.0,2013,8,3,0,626,0,0,0,0,0,15,4,1,0.0,490,0,0,0,0,0,0,1,1,0.0
4652,45.0,2011,8,3,0,501,0,1,0,0,0,14,4,1,0.0,520,0,0,0,0,0,0,1,1,0.0
4653,19.0,2013,8,3,1,501,0,1,0,0,0,17,4,1,0.0,520,0,0,0,0,0,17,4,1,0.0
4654,72.0,2011,8,3,0,530,0,1,0,0,0,14,4,1,0.0,520,0,0,0,0,0,0,1,1,0.0
4655,110.0,2012,8,3,1,531,1,0,0,0,0,16,4,1,0.0,530,1,0,0,0,0,16,4,1,0.0
4656,829.0,2011,8,3,1,625,1,0,0,0,0,17,4,1,0.0,626,1,0,0,0,0,17,4,1,0.0
4657,1.0,2014,8,3,0,625,1,0,0,0,0,16,4,1,0.0,626,1,0,0,0,0,0,1,1,0.0
4658,1.0,2011,8,3,0,666,0,1,0,0,0,16,4,1,0.0,625,0,0,0,0,0,0,1,1,0.0
4659,15.5,2011,8,3,0,666,0,1,0,0,0,16,4,1,0.0,625,0,0,0,0,0,0,1,1,0.0
4660,1.0,2012,8,3,0,666,0,1,0,0,0,16,4,1,0.0,625,0,0,0,0,0,0,1,1,0.0
4661,1.0,2012,8,3,0,640,0,1,0,0,0,11,3,1,0.0,630,0,0,0,0,0,0,1,1,0.0
4662,1.0,2014,8,3,1,630,0,0,0,0,0,7,3,1,0.0,640,0,0,0,0,0,7,3,1,0.0
4663,99.0,2011,8,3,0,630,0,1,0,0,0,16,4,1,0.0,645,0,1,0,0,0,0,1,1,0.0
4664,1.0,2012,8,3,0,630,0,0,0,0,0,7,3,1,0.0,670,0,0,0,0,0,0,1,1,0.0
4665,188.0,2011,8,3,1,700,1,0,0,0,0,17,4,1,0.0,630,1,0,0,0,0,17,4,1,0.0
4666,1.0,2012,8,3,1,630,1,0,0,0,0,17,4,1,0.0,700,1,0,0,0,0,17,4,1,0.0
4667,1.0,2013,8,3,0,630,0,0,0,0,0,16,4,1,0.0,700,0,0,0,0,0,0,1,1,0.0
4668,1.0,2014,8,3,0,630,0,1,0,0,0,1,2,1,0.0,coalition,0,0,0,0,0,0,1,1,1.0
4669,1.0,2014,8,3,1,700,1,0,0,0,0,17,4,1,0.0,630,1,0,0,0,0,17,4,1,0.0
4670,4.0,2013,7,1,0,630,0,1,0,0,0,15,4,1,0.0,750,0,0,0,0,0,0,1,1,0.0
4671,31.0,2012,8,3,1,630,0,1,0,0,0,16,4,1,0.0,770,0,0,0,0,0,15,4,1,0.0
4672,428.0,2013,8,3,1,630,0,1,0,0,0,17,4,1,0.0,770,0,0,0,0,0,17,4,1,0.0
4673,1.0,2012,8,3,0,640,0,1,0,0,0,7,3,1,0.0,666,0,1,0,0,0,0,1,1,0.0
4674,27.0,2011,8,3,0,666,0,1,0,0,0,16,4,1,0.0,651,0,0,0,0,0,0,1,1,0.0
4675,1.0,2014,8,3,0,666,0,0,0,0,0,16,4,1,0.0,651,0,0,0,0,0,0,1,1,0.0
4676,458.0,2011,8,3,1,coalition,0,1,0,0,0,7,3,1,7.0,365,0,1,0,0,0,7,3,1,0.0
4677,4.0,2011,8,4,0,385,0,1,0,0,0,15,4,1,0.0,365,0,1,0,0,0,0,1,1,0.0
4678,744.0,2012,8,3,1,coalition,0,1,0,0,0,8,3,1,13.0,365,0,1,0,0,0,7,3,1,0.0
4679,345.0,2011,8,3,1,365,0,1,0,0,0,7,3,1,0.0,coalition,0,1,0,0,0,7,3,1,1.0
4680,561.0,2013,8,3,1,coalition,0,1,0,0,0,7,3,1,1.0,coalition,0,1,0,0,0,8,3,1,2.0
4681,1.0,2013,8,3,0,365,0,1,0,0,0,16,4,1,0.0,369,0,0,0,0,0,0,1,1,0.0
4682,274.0,2014,8,3,1,369,1,0,0,0,0,16,4,1,0.0,365,1,0,0,0,0,15,4,1,0.0
4683,207.0,2014,8,3,1,365,1,0,0,0,0,14,4,1,0.0,369,1,0,0,0,0,11,3,1,0.0
4684,93.0,2014,8,3,0,701,0,1,0,0,0,14,4,1,0.0,700,0,0,0,0,0,0,1,1,0.0
4685,159.0,2011,1,2,1,coalition,0,0,1,0,0,17,4,1,32.0,620,0,0,0,0,0,17,4,1,0.0
4686,98.5,2011,8,3,1,616,0,1,0,0,0,17,4,1,0.0,620,0,1,0,0,0,17,4,1,0.0
4687,1319.0,2011,8,3,1,666,0,1,0,0,0,17,4,1,0.0,652,0,1,0,0,0,17,4,1,0.0
4688,158.0,2012,8,3,1,652,0,0,0,0,0,17,4,1,0.0,663,0,0,0,1,0,17,4,1,0.0
4689,1203.0,2011,8,3,1,652,0,1,0,0,0,17,4,1,0.0,660,0,1,0,0,0,17,4,1,0.0
4690,1.0,2013,8,3,0,652,0,0,0,0,0,16,4,1,0.0,663,0,0,0,1,0,0,1,1,0.0
4691,1099.0,2011,8,3,1,coalition,0,1,0,0,0,17,4,1,1.0,coalition,0,1,0,0,0,17,4,1,5.0
4692,1.0,2013,8,3,0,490,0,1,0,0,0,16,4,1,0.0,500,0,0,0,0,0,0,1,1,0.0
4693,329.0,2013,8,3,1,702,1,0,0,0,0,17,4,1,0.0,703,1,0,0,0,0,17,4,1,0.0
4694,4.0,2013,4,4,1,coalition,0,1,0,0,0,7,3,1,2.0,710,0,0,0,0,0,7,3,1,0.0
4695,1.0,2014,8,3,1,710,0,1,0,0,0,7,3,1,0.0,713,0,1,0,0,0,7,3,1,0.0
4696,1.0,2014,8,3,0,732,0,0,0,0,0,16,4,1,0.0,710,0,1,0,0,0,0,1,1,0.0
4698,1.0,2011,8,3,1,710,0,1,0,0,0,7,3,1,0.0,coalition,0,0,0,0,0,7,3,1,1.0
4699,62.0,2011,8,3,1,710,0,1,0,0,0,7,3,1,0.0,816,0,1,0,0,0,7,3,1,0.0
4700,59.0,2012,8,3,0,710,0,1,0,0,0,15,4,1,0.0,816,0,1,0,0,0,0,1,1,0.0
4701,110.0,2013,8,3,0,710,0,1,0,0,0,16,4,1,0.0,816,0,1,0,0,0,0,1,1,0.0
4702,107.0,2014,8,3,1,710,0,1,0,0,0,15,4,1,0.0,816,0,1,0,0,0,7,3,1,0.0
4703,477.0,2011,8,3,1,710,0,1,0,0,0,8,3,1,0.0,840,0,1,0,0,0,15,4,1,0.0
4704,61.0,2014,8,3,1,710,0,1,0,0,0,7,3,1,0.0,840,0,1,0,0,0,15,4,1,0.0
4705,207.0,2012,8,3,1,713,0,1,0,0,0,7,3,1,0.0,740,0,1,0,0,0,7,3,1,0.0
4706,260.0,2014,8,3,1,731,1,1,0,0,0,17,4,1,0.0,coalition,1,1,0,0,0,17,4,1,1.0
4707,1.0,2013,8,3,0,713,0,1,0,0,0,7,3,1,0.0,840,0,0,0,0,0,0,1,1,0.0
4708,161.0,2011,8,3,1,704,0,0,0,0,0,17,4,1,0.0,702,0,0,0,0,0,17,4,1,0.0
4709,1.0,2012,8,3,1,704,0,0,0,0,0,17,4,1,0.0,702,0,0,0,0,0,17,4,1,0.0
4710,114.0,2011,8,3,0,750,0,0,0,0,0,16,4,1,0.0,771,0,0,0,0,0,0,1,1,0.0
4711,71.0,2012,8,3,0,750,0,0,0,0,0,16,4,1,0.0,771,0,0,0,0,0,0,1,1,0.0
4712,1.0,2013,8,3,0,750,0,0,0,0,0,8,3,1,0.0,771,0,0,0,0,0,0,1,1,0.0
4713,1.0,2011,8,3,0,775,0,0,0,1,0,12,3,1,0.0,771,0,0,0,1,0,0,1,1,0.0
4714,6.0,2014,8,3,1,771,0,1,0,0,0,17,4,1,0.0,775,0,1,0,0,0,17,4,1,0.0
4715,2.0,2011,8,3,0,775,0,0,0,0,0,16,4,1,0.0,800,0,0,0,0,0,0,1,1,0.0
4716,1.0,2013,8,3,0,775,0,1,0,0,0,16,4,1,0.0,800,0,1,0,0,0,0,1,1,0.0
4717,1.0,2014,8,3,0,850,0,1,0,0,0,7,3,1,0.0,820,0,1,0,0,0,0,1,1,0.0
4718,443.0,2012,8,3,1,704,1,0,0,0,0,17,4,1,0.0,703,1,0,0,0,0,17,4,1,0.0
4719,251.0,2013,8,3,1,710,1,0,0,0,0,15,4,1,0.0,750,1,0,0,0,0,7,3,1,0.0
4720,75.0,2014,8,3,1,710,1,0,0,0,0,12,3,1,0.0,750,1,0,0,0,0,7,3,1,0.0
4721,2.0,2012,8,3,0,coalition,0,1,0,0,0,10,3,1,1.0,731,0,1,0,0,0,0,1,1,0.0
4722,1.0,2011,8,3,1,740,1,0,0,0,0,7,3,1,0.0,732,1,0,0,0,0,7,3,1,0.0
4723,1.0,2012,8,3,1,740,1,0,0,0,0,7,3,1,0.0,732,1,0,0,0,0,7,3,1,0.0
4724,2.0,2013,8,3,0,coalition,0,1,0,0,0,8,3,1,1.0,731,0,1,0,0,0,0,1,1,0.0
4725,1.0,2014,8,3,0,732,0,1,0,0,0,8,3,1,0.0,731,0,1,0,0,0,0,1,1,0.0
4726,1.0,2014,8,3,0,2,0,1,0,0,0,16,4,1,0.0,770,0,1,0,0,0,0,1,1,0.0
